transaction_id,user_id,merchant_name,amount,user_avg_spend,user_risk_score,spending_limit_ratio,merchant_risk_level,avg_transaction_value,is_high_amount,unusual_payment_mode,category_mismatch,matches_fraud_pattern,fraud_flag
TXN0001,U038,Starbucks,6614.32,10362.369565217392,0.5,0.1322864,1,300,0,1,1,0,
TXN0002,U033,Amazon,14567.58,13999.224666666667,0.1,0.2913516,2,1500,0,0,1,0,0.0
TXN0003,U013,Local Shop,12937.22,13437.175666666668,0.1,0.2587444,3,100,0,0,1,0,
TXN0003,U013,Local Shop,12937.22,13437.175666666668,0.1,0.2587444,3,500,0,0,1,0,
TXN0004,U026,Starbucks,5755.79,14026.104761904762,0.1,0.38371933333333336,1,300,0,0,1,0,
TXN0005,U036,Apple,29978.48,12933.505263157895,0.1,1.1991392,2,25000,1,0,1,0,
TXN0006,U026,Big Bazaar,74.64,14026.104761904762,0.1,0.004976,1,800,0,0,1,0,1.0
TXN0007,U013,Flipkart,17379.62,13437.175666666668,0.1,0.34759239999999997,2,1200,1,0,1,1,1.0
TXN0008,U033,Starbucks,17855.1,13999.224666666667,0.1,0.357102,1,300,1,0,1,0,
TXN0009,U006,Local Shop,6135.73,14800.999615384615,0.5,0.6135729999999999,3,100,0,0,1,0,
TXN0009,U006,Local Shop,6135.73,14800.999615384615,0.5,0.6135729999999999,3,500,0,0,1,0,
TXN0010,U021,Apple,18638.57,14162.242307692308,0.1,0.7455428,2,25000,1,0,1,0,
TXN0011,U005,DMart,4740.83,16665.08529411765,0.5,0.0948166,1,1000,0,1,1,0,
TXN0012,U009,Amazon,22275.08,17536.138695652175,0.5,1.4850053333333335,2,1500,1,1,1,0,0.0
TXN0013,U032,Swiggy,19032.19,14886.018823529412,0.5,0.7612876,1,400,1,1,1,0,
TXN0014,U048,Flipkart,299.99,14771.636538461538,0.3,0.011999600000000001,2,1200,0,0,1,0,1.0
TXN0015,U038,DMart,3832.09,10362.369565217392,0.5,0.0766418,1,1000,0,0,1,0,
TXN0016,U023,Amazon,22486.83,13148.203636363636,0.3,2.248683,2,1500,1,0,1,0,0.0
TXN0017,U048,Flipkart,20100.51,14771.636538461538,0.3,0.8040204,2,1200,1,0,1,1,1.0
TXN0018,U015,Apple,9162.67,13445.822727272725,0.3,0.916267,2,25000,0,1,1,0,
TXN0019,U005,OLA,15287.08,16665.08529411765,0.5,0.3057416,1,200,1,1,1,1,0.0
TXN0020,U038,Flipkart,17901.17,10362.369565217392,0.5,0.3580234,2,1200,1,1,1,1,1.0
TXN0021,U037,Local Shop,21266.47,16250.847727272729,0.1,2.126647,3,100,1,0,1,0,
TXN0021,U037,Local Shop,21266.47,16250.847727272729,0.1,2.126647,3,500,1,0,1,0,
TXN0022,U028,DMart,9424.33,14916.403684210525,0.5,0.3769732,1,1000,0,0,1,0,
TXN0023,U026,DMart,3827.36,14026.104761904762,0.1,0.25515733333333335,1,1000,0,1,1,0,
TXN0024,U036,Local Shop,6313.38,12933.505263157895,0.1,0.2525352,3,100,0,1,1,0,
TXN0024,U036,Local Shop,6313.38,12933.505263157895,0.1,0.2525352,3,500,0,1,1,0,
TXN0025,U031,Swiggy,15468.41,11351.521818181818,0.5,1.546841,1,400,1,1,1,0,
TXN0026,U002,Flipkart,18342.11,13432.033,0.5,1.2228073333333334,2,1200,1,1,1,1,1.0
TXN0027,U026,Apple,20631.8,14026.104761904762,0.1,1.3754533333333332,2,25000,1,0,1,0,
TXN0028,U036,Starbucks,4008.84,12933.505263157895,0.1,0.1603536,1,300,0,1,1,0,
TXN0029,U047,Local Shop,27206.57,17238.375625,0.3,2.720657,3,100,1,0,1,0,
TXN0029,U047,Local Shop,27206.57,17238.375625,0.3,2.720657,3,500,1,0,1,0,
TXN0030,U050,OLA,7184.98,14787.260769230768,0.3,0.718498,1,200,0,1,1,1,0.0
TXN0031,U010,Flipkart,4592.63,14673.506470588236,0.5,0.45926300000000003,2,1200,0,0,1,0,1.0
TXN0032,U027,Big Bazaar,26420.89,14860.588,0.1,2.642089,1,800,1,1,1,1,1.0
TXN0033,U048,Swiggy,6590.45,14771.636538461538,0.3,0.263618,1,400,0,0,0,0,
TXN0034,U030,Flipkart,17760.86,12418.7265,0.5,1.776086,2,1200,1,1,1,1,1.0
TXN0035,U017,Starbucks,13646.43,18023.216111111113,0.3,0.5458572,1,300,0,1,1,0,
TXN0036,U002,Apple,6734.42,13432.033,0.5,0.4489613333333333,2,25000,0,0,1,0,
TXN0037,U040,Starbucks,14212.1,13706.595714285713,0.5,0.9474733333333334,1,300,0,1,1,0,
TXN0038,U039,Flipkart,24580.84,14423.2885,0.5,2.458084,2,1200,1,0,1,1,1.0
TXN0039,U046,Local Shop,20721.53,17408.087916666667,0.5,0.4144306,3,100,1,1,1,0,
TXN0039,U046,Local Shop,20721.53,17408.087916666667,0.5,0.4144306,3,500,1,1,1,0,
TXN0040,U003,Local Shop,11123.42,13315.49105263158,0.5,1.112342,3,100,0,1,1,0,
TXN0040,U003,Local Shop,11123.42,13315.49105263158,0.5,1.112342,3,500,0,1,1,0,
TXN0041,U046,Apple,22016.52,17408.087916666667,0.5,0.4403304,2,25000,1,0,1,0,
TXN0042,U016,DMart,7323.46,15302.5405,0.3,0.48823066666666665,1,1000,0,0,1,0,
TXN0043,U012,DMart,23936.99,16560.62391304348,0.1,0.47873980000000005,1,1000,1,0,1,0,
TXN0044,U016,Amazon,22747.36,15302.5405,0.3,1.5164906666666667,2,1500,1,0,1,0,0.0
TXN0045,U015,OLA,19922.16,13445.822727272725,0.3,1.992216,1,200,1,0,1,1,0.0
TXN0046,U045,DMart,7549.6,14820.934285714286,0.5,0.15099200000000002,1,1000,0,1,1,0,
TXN0047,U014,Big Bazaar,17691.71,15053.6445,0.3,0.8845854999999999,1,800,1,1,1,1,1.0
TXN0048,U020,Flipkart,1375.02,12877.225625000001,0.1,0.0275004,2,1200,0,0,1,0,1.0
TXN0049,U001,Amazon,14366.64,17057.943333333333,0.1,1.436664,2,1500,0,1,1,0,0.0
TXN0050,U032,Local Shop,4484.44,14886.018823529412,0.5,0.17937759999999997,3,100,0,1,1,0,
TXN0050,U032,Local Shop,4484.44,14886.018823529412,0.5,0.17937759999999997,3,500,0,1,1,0,
TXN0051,U039,Local Shop,15681.95,14423.2885,0.5,1.568195,3,100,1,0,1,0,
TXN0051,U039,Local Shop,15681.95,14423.2885,0.5,1.568195,3,500,1,0,1,0,
TXN0052,U048,Local Shop,6338.65,14771.636538461538,0.3,0.253546,3,100,0,0,1,0,
TXN0052,U048,Local Shop,6338.65,14771.636538461538,0.3,0.253546,3,500,0,0,1,0,
TXN0053,U029,Local Shop,988.87,13431.904166666667,0.5,0.06592466666666667,3,100,0,1,1,0,
TXN0053,U029,Local Shop,988.87,13431.904166666667,0.5,0.06592466666666667,3,500,0,1,1,0,
TXN0054,U043,Local Shop,16341.43,16141.43375,0.5,0.3268286,3,100,1,1,1,0,
TXN0054,U043,Local Shop,16341.43,16141.43375,0.5,0.3268286,3,500,1,1,1,0,
TXN0055,U048,Local Shop,3739.37,14771.636538461538,0.3,0.1495748,3,100,0,0,1,0,
TXN0055,U048,Local Shop,3739.37,14771.636538461538,0.3,0.1495748,3,500,0,0,1,0,
TXN0056,U039,Amazon,9676.42,14423.2885,0.5,0.967642,2,1500,0,1,1,0,0.0
TXN0057,U037,OLA,15573.73,16250.847727272729,0.1,1.557373,1,200,1,1,1,1,0.0
TXN0058,U031,Amazon,9638.54,11351.521818181818,0.5,0.9638540000000001,2,1500,0,1,1,0,0.0
TXN0059,U003,Swiggy,7579.44,13315.49105263158,0.5,0.757944,1,400,0,1,1,0,
TXN0060,U004,Local Shop,22695.73,17519.001363636362,0.5,2.269573,3,100,1,1,1,0,
TXN0060,U004,Local Shop,22695.73,17519.001363636362,0.5,2.269573,3,500,1,1,1,0,
TXN0061,U045,Apple,29194.67,14820.934285714286,0.5,0.5838934,2,25000,1,0,1,0,
TXN0062,U015,Amazon,19434.81,13445.822727272725,0.3,1.9434810000000002,2,1500,1,1,1,0,0.0
TXN0063,U031,Apple,4347.81,11351.521818181818,0.5,0.43478100000000003,2,25000,0,1,1,0,
TXN0064,U022,Local Shop,86.93,12852.751538461538,0.3,0.005795333333333334,3,100,0,0,1,0,
TXN0064,U022,Local Shop,86.93,12852.751538461538,0.3,0.005795333333333334,3,500,0,0,1,0,
TXN0065,U035,Apple,16562.0,13842.992142857142,0.3,0.8281,2,25000,1,1,1,0,
TXN0066,U025,Local Shop,9552.11,13368.583529411766,0.1,0.6368073333333334,3,100,0,0,1,0,
TXN0066,U025,Local Shop,9552.11,13368.583529411766,0.1,0.6368073333333334,3,500,0,0,1,0,
TXN0067,U003,Apple,3019.93,13315.49105263158,0.5,0.30199299999999996,2,25000,0,1,1,0,
TXN0068,U005,Flipkart,18701.55,16665.08529411765,0.5,0.374031,2,1200,1,1,1,1,1.0
TXN0069,U041,DMart,2061.94,16698.2895,0.5,0.0824776,1,1000,0,1,1,0,
TXN0070,U029,Amazon,1389.27,13431.904166666667,0.5,0.09261799999999999,2,1500,0,0,1,0,0.0
TXN0071,U044,Local Shop,2378.26,14592.11625,0.5,0.237826,3,100,0,1,1,0,
TXN0071,U044,Local Shop,2378.26,14592.11625,0.5,0.237826,3,500,0,1,1,0,
TXN0072,U030,Big Bazaar,7667.25,12418.7265,0.5,0.766725,1,800,0,0,1,1,1.0
TXN0073,U023,Apple,28861.25,13148.203636363636,0.3,2.886125,2,25000,1,0,1,0,
TXN0074,U016,Amazon,8883.21,15302.5405,0.3,0.5922139999999999,2,1500,0,0,1,0,0.0
TXN0075,U048,Local Shop,23967.81,14771.636538461538,0.3,0.9587124,3,100,1,1,1,0,
TXN0075,U048,Local Shop,23967.81,14771.636538461538,0.3,0.9587124,3,500,1,1,1,0,
TXN0076,U041,Amazon,23660.43,16698.2895,0.5,0.9464172,2,1500,1,0,1,0,0.0
TXN0077,U012,Local Shop,16186.84,16560.62391304348,0.1,0.3237368,3,100,1,1,1,0,
TXN0077,U012,Local Shop,16186.84,16560.62391304348,0.1,0.3237368,3,500,1,1,1,0,
TXN0078,U048,OLA,28887.17,14771.636538461538,0.3,1.1554868,1,200,1,0,1,1,0.0
TXN0079,U024,Swiggy,7941.11,15964.543,0.1,0.794111,1,400,0,0,0,0,
TXN0080,U007,DMart,760.49,15350.723461538462,0.1,0.0152098,1,1000,0,1,1,0,
TXN0081,U042,OLA,1369.95,15395.054736842107,0.5,0.0684975,1,200,0,0,1,1,0.0
TXN0082,U030,Local Shop,22270.65,12418.7265,0.5,2.227065,3,100,1,1,1,0,
TXN0082,U030,Local Shop,22270.65,12418.7265,0.5,2.227065,3,500,1,1,1,0,
TXN0083,U045,Starbucks,13346.43,14820.934285714286,0.5,0.2669286,1,300,0,0,1,0,
TXN0084,U026,Starbucks,28470.83,14026.104761904762,0.1,1.8980553333333334,1,300,1,1,1,0,
TXN0085,U022,Starbucks,16941.69,12852.751538461538,0.3,1.129446,1,300,1,0,1,0,
TXN0086,U050,DMart,25753.6,14787.260769230768,0.3,2.57536,1,1000,1,1,1,0,
TXN0087,U001,Flipkart,9719.91,17057.943333333333,0.1,0.9719909999999999,2,1200,0,1,1,0,1.0
TXN0088,U029,Apple,15120.12,13431.904166666667,0.5,1.008008,2,25000,1,1,1,0,
TXN0089,U031,Starbucks,3247.78,11351.521818181818,0.5,0.324778,1,300,0,0,1,0,
TXN0090,U018,Flipkart,29838.89,19520.155555555553,0.1,1.4919445,2,1200,1,0,1,1,1.0
TXN0091,U047,Swiggy,26643.85,17238.375625,0.3,2.664385,1,400,1,0,1,0,
TXN0092,U021,Local Shop,28608.24,14162.242307692308,0.1,1.1443296,3,100,1,0,1,0,
TXN0092,U021,Local Shop,28608.24,14162.242307692308,0.1,1.1443296,3,500,1,0,1,0,
TXN0093,U009,DMart,28699.17,17536.138695652175,0.5,1.9132779999999998,1,1000,1,0,1,0,
TXN0094,U019,Starbucks,3116.98,14745.427727272727,0.1,0.311698,1,300,0,0,1,0,
TXN0095,U024,Swiggy,6792.51,15964.543,0.1,0.679251,1,400,0,0,1,0,
TXN0096,U043,Local Shop,5420.68,16141.43375,0.5,0.10841360000000001,3,100,0,1,1,0,
TXN0096,U043,Local Shop,5420.68,16141.43375,0.5,0.10841360000000001,3,500,0,1,1,0,
TXN0097,U037,Flipkart,4264.82,16250.847727272729,0.1,0.42648199999999997,2,1200,0,0,1,0,1.0
TXN0098,U022,Apple,21650.66,12852.751538461538,0.3,1.4433773333333333,2,25000,1,1,1,0,
TXN0099,U018,Amazon,18216.21,19520.155555555553,0.1,0.9108105,2,1500,1,1,1,0,0.0
TXN0100,U044,OLA,20017.31,14592.11625,0.5,2.001731,1,200,1,0,1,1,0.0
TXN0101,U014,OLA,9850.39,15053.6445,0.3,0.49251949999999994,1,200,0,1,1,1,0.0
TXN0102,U036,Swiggy,11918.16,12933.505263157895,0.1,0.4767264,1,400,0,0,0,0,
TXN0103,U026,Local Shop,3464.05,14026.104761904762,0.1,0.23093666666666668,3,100,0,0,1,0,
TXN0103,U026,Local Shop,3464.05,14026.104761904762,0.1,0.23093666666666668,3,500,0,0,1,0,
TXN0104,U028,Amazon,17670.25,14916.403684210525,0.5,0.70681,2,1500,1,0,1,0,0.0
TXN0105,U005,Flipkart,15303.46,16665.08529411765,0.5,0.3060692,2,1200,1,1,1,1,1.0
TXN0106,U010,Amazon,18075.95,14673.506470588236,0.5,1.807595,2,1500,1,0,1,0,0.0
TXN0107,U042,Local Shop,29129.48,15395.054736842107,0.5,1.456474,3,100,1,1,1,0,
TXN0107,U042,Local Shop,29129.48,15395.054736842107,0.5,1.456474,3,500,1,1,1,0,
TXN0108,U004,Local Shop,13857.66,17519.001363636362,0.5,1.385766,3,100,0,0,1,0,
TXN0108,U004,Local Shop,13857.66,17519.001363636362,0.5,1.385766,3,500,0,0,1,0,
TXN0109,U039,Local Shop,17414.08,14423.2885,0.5,1.741408,3,100,1,0,1,0,
TXN0109,U039,Local Shop,17414.08,14423.2885,0.5,1.741408,3,500,1,0,1,0,
TXN0110,U039,DMart,13521.19,14423.2885,0.5,1.352119,1,1000,0,1,1,0,
TXN0111,U016,Starbucks,15726.82,15302.5405,0.3,1.0484546666666668,1,300,1,0,1,0,
TXN0112,U004,Local Shop,9897.43,17519.001363636362,0.5,0.989743,3,100,0,1,1,0,
TXN0112,U004,Local Shop,9897.43,17519.001363636362,0.5,0.989743,3,500,0,1,1,0,
TXN0113,U006,DMart,9313.85,14800.999615384615,0.5,0.931385,1,1000,0,1,1,0,
TXN0114,U036,OLA,3842.53,12933.505263157895,0.1,0.1537012,1,200,0,1,1,1,0.0
TXN0115,U024,Swiggy,5416.09,15964.543,0.1,0.541609,1,400,0,1,1,0,
TXN0116,U005,Flipkart,23128.53,16665.08529411765,0.5,0.4625706,2,1200,1,1,1,1,1.0
TXN0117,U025,Local Shop,24942.04,13368.583529411766,0.1,1.6628026666666667,3,100,1,1,1,0,
TXN0117,U025,Local Shop,24942.04,13368.583529411766,0.1,1.6628026666666667,3,500,1,1,1,0,
TXN0118,U044,DMart,8554.99,14592.11625,0.5,0.855499,1,1000,0,0,1,0,
TXN0119,U024,Big Bazaar,23085.46,15964.543,0.1,2.3085459999999998,1,800,1,1,1,1,1.0
TXN0120,U004,OLA,11142.65,17519.001363636362,0.5,1.114265,1,200,0,0,1,1,0.0
TXN0121,U029,OLA,13129.8,13431.904166666667,0.5,0.87532,1,200,0,0,1,1,0.0
TXN0122,U026,Starbucks,11591.12,14026.104761904762,0.1,0.7727413333333334,1,300,0,1,1,0,
TXN0123,U009,Flipkart,14178.92,17536.138695652175,0.5,0.9452613333333333,2,1200,0,0,1,1,1.0
TXN0124,U017,Starbucks,28207.38,18023.216111111113,0.3,1.1282952,1,300,1,1,1,0,
TXN0125,U027,Big Bazaar,3334.63,14860.588,0.1,0.333463,1,800,0,1,1,0,1.0
TXN0126,U019,Flipkart,10590.95,14745.427727272727,0.1,1.0590950000000001,2,1200,0,0,1,1,1.0
TXN0127,U034,Amazon,26201.21,14981.503,0.3,2.6201209999999997,2,1500,1,0,1,0,0.0
TXN0128,U023,Amazon,17461.28,13148.203636363636,0.3,1.746128,2,1500,1,1,1,0,0.0
TXN0129,U045,Apple,4054.23,14820.934285714286,0.5,0.0810846,2,25000,0,0,1,0,
TXN0130,U021,Starbucks,16295.49,14162.242307692308,0.1,0.6518195999999999,1,300,1,1,1,0,
TXN0131,U018,DMart,26685.7,19520.155555555553,0.1,1.334285,1,1000,1,0,1,0,
TXN0132,U024,Apple,2487.52,15964.543,0.1,0.248752,2,25000,0,0,1,0,
TXN0133,U021,Amazon,13383.01,14162.242307692308,0.1,0.5353204,2,1500,0,1,1,0,0.0
TXN0134,U028,Local Shop,20138.8,14916.403684210525,0.5,0.8055519999999999,3,100,1,0,1,0,
TXN0134,U028,Local Shop,20138.8,14916.403684210525,0.5,0.8055519999999999,3,500,1,0,1,0,
TXN0135,U039,Flipkart,3795.64,14423.2885,0.5,0.379564,2,1200,0,0,1,0,1.0
TXN0136,U010,Local Shop,11166.68,14673.506470588236,0.5,1.116668,3,100,0,1,1,0,
TXN0136,U010,Local Shop,11166.68,14673.506470588236,0.5,1.116668,3,500,0,1,1,0,
TXN0137,U008,Big Bazaar,15537.18,16417.863999999998,0.5,1.553718,1,800,1,1,1,1,1.0
TXN0138,U013,Apple,2230.82,13437.175666666668,0.1,0.0446164,2,25000,0,1,1,0,
TXN0139,U046,DMart,25542.35,17408.087916666667,0.5,0.5108469999999999,1,1000,1,1,1,0,
TXN0140,U013,Amazon,14825.72,13437.175666666668,0.1,0.2965144,2,1500,0,1,1,0,0.0
TXN0141,U020,Amazon,12329.75,12877.225625000001,0.1,0.246595,2,1500,0,1,1,0,0.0
TXN0142,U044,Apple,26340.02,14592.11625,0.5,2.634002,2,25000,1,0,1,0,
TXN0143,U034,Amazon,4867.39,14981.503,0.3,0.48673900000000003,2,1500,0,0,1,0,0.0
TXN0144,U041,Big Bazaar,18754.42,16698.2895,0.5,0.7501768,1,800,1,0,1,1,1.0
TXN0145,U043,Flipkart,27718.65,16141.43375,0.5,0.554373,2,1200,1,1,1,1,1.0
TXN0146,U050,Big Bazaar,19173.35,14787.260769230768,0.3,1.9173349999999998,1,800,1,0,1,1,1.0
TXN0147,U044,Big Bazaar,2198.46,14592.11625,0.5,0.219846,1,800,0,1,1,0,1.0
TXN0148,U046,DMart,3931.68,17408.087916666667,0.5,0.0786336,1,1000,0,1,1,0,
TXN0149,U016,Apple,8713.46,15302.5405,0.3,0.5808973333333333,2,25000,0,1,1,0,
TXN0150,U049,Big Bazaar,14009.79,10371.976666666667,0.3,0.5603916,1,800,0,1,1,1,1.0
TXN0151,U038,Big Bazaar,8447.88,10362.369565217392,0.5,0.16895759999999999,1,800,0,0,1,1,1.0
TXN0152,U028,Amazon,10979.67,14916.403684210525,0.5,0.4391868,2,1500,0,0,1,0,0.0
TXN0153,U019,Swiggy,13516.13,14745.427727272727,0.1,1.351613,1,400,0,1,1,0,
TXN0154,U026,Amazon,28169.07,14026.104761904762,0.1,1.8779379999999999,2,1500,1,0,1,0,0.0
TXN0155,U009,Starbucks,13715.09,17536.138695652175,0.5,0.9143393333333334,1,300,0,1,0,0,
TXN0156,U048,Local Shop,24850.4,14771.636538461538,0.3,0.994016,3,100,1,1,1,0,
TXN0156,U048,Local Shop,24850.4,14771.636538461538,0.3,0.994016,3,500,1,1,1,0,
TXN0157,U044,DMart,9237.26,14592.11625,0.5,0.923726,1,1000,0,0,1,0,
TXN0158,U037,Local Shop,14418.66,16250.847727272729,0.1,1.441866,3,100,0,1,1,0,
TXN0158,U037,Local Shop,14418.66,16250.847727272729,0.1,1.441866,3,500,0,1,1,0,
TXN0159,U037,Starbucks,577.93,16250.847727272729,0.1,0.057793,1,300,0,1,1,0,
TXN0160,U046,Starbucks,9758.24,17408.087916666667,0.5,0.1951648,1,300,0,1,1,0,
TXN0161,U023,Swiggy,14530.56,13148.203636363636,0.3,1.453056,1,400,0,0,1,0,
TXN0162,U046,OLA,14399.3,17408.087916666667,0.5,0.28798599999999996,1,200,0,0,1,1,0.0
TXN0163,U023,Local Shop,8636.03,13148.203636363636,0.3,0.8636030000000001,3,100,0,1,1,0,
TXN0163,U023,Local Shop,8636.03,13148.203636363636,0.3,0.8636030000000001,3,500,0,1,1,0,
TXN0164,U013,Big Bazaar,20888.18,13437.175666666668,0.1,0.4177636,1,800,1,0,1,1,1.0
TXN0165,U004,Big Bazaar,21523.57,17519.001363636362,0.5,2.152357,1,800,1,1,1,1,1.0
TXN0166,U042,Local Shop,5991.68,15395.054736842107,0.5,0.299584,3,100,0,0,1,0,
TXN0166,U042,Local Shop,5991.68,15395.054736842107,0.5,0.299584,3,500,0,0,1,0,
TXN0167,U015,Local Shop,12542.37,13445.822727272725,0.3,1.254237,3,100,0,0,1,0,
TXN0167,U015,Local Shop,12542.37,13445.822727272725,0.3,1.254237,3,500,0,0,1,0,
TXN0168,U003,OLA,18087.46,13315.49105263158,0.5,1.808746,1,200,1,0,1,1,0.0
TXN0169,U033,Flipkart,24266.33,13999.224666666667,0.1,0.48532660000000005,2,1200,1,1,1,1,1.0
TXN0170,U019,DMart,18332.53,14745.427727272727,0.1,1.8332529999999998,1,1000,1,1,1,0,
TXN0171,U012,Amazon,28075.4,16560.62391304348,0.1,0.561508,2,1500,1,0,1,0,0.0
TXN0172,U047,Local Shop,19613.96,17238.375625,0.3,1.961396,3,100,1,0,1,0,
TXN0172,U047,Local Shop,19613.96,17238.375625,0.3,1.961396,3,500,1,0,1,0,
TXN0173,U046,Swiggy,27484.75,17408.087916666667,0.5,0.549695,1,400,1,1,1,0,
TXN0174,U024,Local Shop,16130.16,15964.543,0.1,1.613016,3,100,1,0,1,0,
TXN0174,U024,Local Shop,16130.16,15964.543,0.1,1.613016,3,500,1,0,1,0,
TXN0175,U029,Swiggy,27518.17,13431.904166666667,0.5,1.8345446666666665,1,400,1,1,1,0,
TXN0176,U021,Flipkart,20412.05,14162.242307692308,0.1,0.8164819999999999,2,1200,1,1,1,1,1.0
TXN0177,U033,Flipkart,1741.53,13999.224666666667,0.1,0.034830599999999996,2,1200,0,1,1,0,1.0
TXN0178,U038,Big Bazaar,10342.42,10362.369565217392,0.5,0.2068484,1,800,0,0,1,1,1.0
TXN0179,U012,Local Shop,29785.77,16560.62391304348,0.1,0.5957154,3,100,1,0,1,0,
TXN0179,U012,Local Shop,29785.77,16560.62391304348,0.1,0.5957154,3,500,1,0,1,0,
TXN0180,U008,DMart,3829.14,16417.863999999998,0.5,0.382914,1,1000,0,0,1,0,
TXN0181,U025,Swiggy,10391.33,13368.583529411766,0.1,0.6927553333333333,1,400,0,1,1,0,
TXN0182,U040,Local Shop,2028.05,13706.595714285713,0.5,0.13520333333333334,3,100,0,1,1,0,
TXN0182,U040,Local Shop,2028.05,13706.595714285713,0.5,0.13520333333333334,3,500,0,1,1,0,
TXN0183,U026,Starbucks,6525.9,14026.104761904762,0.1,0.43506,1,300,0,0,1,0,
TXN0184,U039,Local Shop,9059.92,14423.2885,0.5,0.905992,3,100,0,0,1,0,
TXN0184,U039,Local Shop,9059.92,14423.2885,0.5,0.905992,3,500,0,0,1,0,
TXN0185,U038,Swiggy,14873.67,10362.369565217392,0.5,0.2974734,1,400,0,0,1,0,
TXN0186,U027,Local Shop,5524.53,14860.588,0.1,0.552453,3,100,0,1,1,0,
TXN0186,U027,Local Shop,5524.53,14860.588,0.1,0.552453,3,500,0,1,1,0,
TXN0187,U004,Apple,16723.03,17519.001363636362,0.5,1.6723029999999999,2,25000,1,1,1,0,
TXN0188,U006,DMart,8061.16,14800.999615384615,0.5,0.8061159999999999,1,1000,0,0,1,0,
TXN0189,U014,Apple,6362.12,15053.6445,0.3,0.318106,2,25000,0,1,1,0,
TXN0190,U016,Local Shop,8498.95,15302.5405,0.3,0.5665966666666667,3,100,0,0,1,0,
TXN0190,U016,Local Shop,8498.95,15302.5405,0.3,0.5665966666666667,3,500,0,0,1,0,
TXN0191,U007,Apple,11127.44,15350.723461538462,0.1,0.22254880000000002,2,25000,0,0,1,0,
TXN0192,U038,Swiggy,4580.82,10362.369565217392,0.5,0.0916164,1,400,0,0,1,0,
TXN0193,U049,OLA,5055.33,10371.976666666667,0.3,0.2022132,1,200,0,1,1,1,0.0
TXN0194,U003,Swiggy,201.45,13315.49105263158,0.5,0.020145,1,400,0,0,1,0,
TXN0195,U030,Swiggy,19135.48,12418.7265,0.5,1.913548,1,400,1,1,1,0,
TXN0196,U036,Swiggy,15887.24,12933.505263157895,0.1,0.6354896,1,400,1,1,0,0,
TXN0197,U007,Flipkart,5766.04,15350.723461538462,0.1,0.1153208,2,1200,0,1,1,0,1.0
TXN0198,U037,Apple,20524.41,16250.847727272729,0.1,2.052441,2,25000,1,1,1,0,
TXN0199,U036,Local Shop,293.41,12933.505263157895,0.1,0.011736400000000001,3,100,0,1,1,0,
TXN0199,U036,Local Shop,293.41,12933.505263157895,0.1,0.011736400000000001,3,500,0,1,1,0,
TXN0200,U003,Swiggy,20771.71,13315.49105263158,0.5,2.077171,1,400,1,0,1,0,
TXN0201,U021,Flipkart,4334.3,14162.242307692308,0.1,0.173372,2,1200,0,1,1,0,1.0
TXN0202,U025,Local Shop,22670.72,13368.583529411766,0.1,1.5113813333333335,3,100,1,1,1,0,
TXN0202,U025,Local Shop,22670.72,13368.583529411766,0.1,1.5113813333333335,3,500,1,1,1,0,
TXN0203,U007,Starbucks,2289.79,15350.723461538462,0.1,0.0457958,1,300,0,1,1,0,
TXN0204,U041,Starbucks,6851.87,16698.2895,0.5,0.2740748,1,300,0,1,0,0,
TXN0205,U050,Amazon,7401.03,14787.260769230768,0.3,0.740103,2,1500,0,0,1,0,0.0
TXN0206,U021,Local Shop,165.8,14162.242307692308,0.1,0.006632000000000001,3,100,0,0,1,0,
TXN0206,U021,Local Shop,165.8,14162.242307692308,0.1,0.006632000000000001,3,500,0,0,1,0,
TXN0207,U029,Local Shop,797.59,13431.904166666667,0.5,0.05317266666666667,3,100,0,0,1,0,
TXN0207,U029,Local Shop,797.59,13431.904166666667,0.5,0.05317266666666667,3,500,0,0,1,0,
TXN0208,U027,OLA,27035.07,14860.588,0.1,2.703507,1,200,1,1,1,1,0.0
TXN0209,U009,Flipkart,14798.79,17536.138695652175,0.5,0.9865860000000001,2,1200,0,0,1,1,1.0
TXN0210,U017,DMart,18503.9,18023.216111111113,0.3,0.740156,1,1000,1,1,1,0,
TXN0211,U029,DMart,24707.82,13431.904166666667,0.5,1.6471879999999999,1,1000,1,0,1,0,
TXN0212,U021,Apple,8750.53,14162.242307692308,0.1,0.35002120000000003,2,25000,0,0,1,0,
TXN0213,U024,Local Shop,29917.98,15964.543,0.1,2.9917979999999997,3,100,1,0,1,0,
TXN0213,U024,Local Shop,29917.98,15964.543,0.1,2.9917979999999997,3,500,1,0,1,0,
TXN0214,U019,Apple,25435.16,14745.427727272727,0.1,2.543516,2,25000,1,1,1,0,
TXN0215,U046,Flipkart,13477.51,17408.087916666667,0.5,0.2695502,2,1200,0,1,1,1,1.0
TXN0216,U003,Swiggy,23070.93,13315.49105263158,0.5,2.307093,1,400,1,0,1,0,
TXN0217,U049,Local Shop,326.33,10371.976666666667,0.3,0.0130532,3,100,0,1,1,0,
TXN0217,U049,Local Shop,326.33,10371.976666666667,0.3,0.0130532,3,500,0,1,1,0,
TXN0218,U024,Apple,20389.87,15964.543,0.1,2.038987,2,25000,1,1,1,0,
TXN0219,U008,Amazon,10298.57,16417.863999999998,0.5,1.029857,2,1500,0,0,1,0,0.0
TXN0220,U005,DMart,21326.26,16665.08529411765,0.5,0.4265252,1,1000,1,1,1,0,
TXN0221,U012,Swiggy,16799.87,16560.62391304348,0.1,0.3359974,1,400,1,1,0,0,
TXN0222,U002,Local Shop,17770.17,13432.033,0.5,1.184678,3,100,1,1,1,0,
TXN0222,U002,Local Shop,17770.17,13432.033,0.5,1.184678,3,500,1,1,1,0,
TXN0223,U007,Local Shop,9786.29,15350.723461538462,0.1,0.1957258,3,100,0,0,1,0,
TXN0223,U007,Local Shop,9786.29,15350.723461538462,0.1,0.1957258,3,500,0,0,1,0,
TXN0224,U025,Local Shop,3435.82,13368.583529411766,0.1,0.22905466666666668,3,100,0,1,1,0,
TXN0224,U025,Local Shop,3435.82,13368.583529411766,0.1,0.22905466666666668,3,500,0,1,1,0,
TXN0225,U038,Local Shop,3544.67,10362.369565217392,0.5,0.0708934,3,100,0,1,1,0,
TXN0225,U038,Local Shop,3544.67,10362.369565217392,0.5,0.0708934,3,500,0,1,1,0,
TXN0226,U009,Local Shop,5580.75,17536.138695652175,0.5,0.37205,3,100,0,1,1,0,
TXN0226,U009,Local Shop,5580.75,17536.138695652175,0.5,0.37205,3,500,0,1,1,0,
TXN0227,U009,OLA,13535.52,17536.138695652175,0.5,0.9023680000000001,1,200,0,0,1,1,0.0
TXN0228,U033,Swiggy,20544.05,13999.224666666667,0.1,0.410881,1,400,1,1,1,0,
TXN0229,U019,Big Bazaar,16132.88,14745.427727272727,0.1,1.6132879999999998,1,800,1,1,1,1,1.0
TXN0230,U008,Local Shop,24680.1,16417.863999999998,0.5,2.46801,3,100,1,1,1,0,
TXN0230,U008,Local Shop,24680.1,16417.863999999998,0.5,2.46801,3,500,1,1,1,0,
TXN0231,U020,Big Bazaar,10463.82,12877.225625000001,0.1,0.2092764,1,800,0,1,1,1,1.0
TXN0232,U041,Local Shop,4185.66,16698.2895,0.5,0.1674264,3,100,0,1,1,0,
TXN0232,U041,Local Shop,4185.66,16698.2895,0.5,0.1674264,3,500,0,1,1,0,
TXN0233,U035,Local Shop,8786.11,13842.992142857142,0.3,0.4393055,3,100,0,1,1,0,
TXN0233,U035,Local Shop,8786.11,13842.992142857142,0.3,0.4393055,3,500,0,1,1,0,
TXN0234,U004,Local Shop,25983.7,17519.001363636362,0.5,2.59837,3,100,1,1,1,0,
TXN0234,U004,Local Shop,25983.7,17519.001363636362,0.5,2.59837,3,500,1,1,1,0,
TXN0235,U041,Local Shop,13565.23,16698.2895,0.5,0.5426092,3,100,0,1,1,0,
TXN0235,U041,Local Shop,13565.23,16698.2895,0.5,0.5426092,3,500,0,1,1,0,
TXN0236,U030,DMart,84.17,12418.7265,0.5,0.008417000000000001,1,1000,0,1,1,0,
TXN0237,U035,Amazon,24747.18,13842.992142857142,0.3,1.237359,2,1500,1,0,1,0,0.0
TXN0238,U032,Local Shop,2996.25,14886.018823529412,0.5,0.11985,3,100,0,1,1,0,
TXN0238,U032,Local Shop,2996.25,14886.018823529412,0.5,0.11985,3,500,0,1,1,0,
TXN0239,U013,Local Shop,9062.95,13437.175666666668,0.1,0.181259,3,100,0,1,1,0,
TXN0239,U013,Local Shop,9062.95,13437.175666666668,0.1,0.181259,3,500,0,1,1,0,
TXN0240,U043,DMart,11896.28,16141.43375,0.5,0.23792560000000001,1,1000,0,1,1,0,
TXN0241,U014,Starbucks,17814.45,15053.6445,0.3,0.8907225000000001,1,300,1,0,1,0,
TXN0242,U045,Local Shop,6876.12,14820.934285714286,0.5,0.1375224,3,100,0,0,1,0,
TXN0242,U045,Local Shop,6876.12,14820.934285714286,0.5,0.1375224,3,500,0,0,1,0,
TXN0243,U025,Flipkart,15919.94,13368.583529411766,0.1,1.0613293333333333,2,1200,1,0,1,1,1.0
TXN0244,U040,Local Shop,6525.17,13706.595714285713,0.5,0.43501133333333336,3,100,0,1,1,0,
TXN0244,U040,Local Shop,6525.17,13706.595714285713,0.5,0.43501133333333336,3,500,0,1,1,0,
TXN0245,U021,Local Shop,19342.17,14162.242307692308,0.1,0.7736867999999999,3,100,1,1,1,0,
TXN0245,U021,Local Shop,19342.17,14162.242307692308,0.1,0.7736867999999999,3,500,1,1,1,0,
TXN0246,U014,OLA,11758.61,15053.6445,0.3,0.5879305,1,200,0,1,1,1,0.0
TXN0247,U041,Apple,26662.85,16698.2895,0.5,1.066514,2,25000,1,0,1,0,
TXN0248,U035,DMart,14135.73,13842.992142857142,0.3,0.7067865,1,1000,0,1,1,0,
TXN0249,U003,Big Bazaar,8601.77,13315.49105263158,0.5,0.8601770000000001,1,800,0,0,1,1,1.0
TXN0250,U006,OLA,27628.54,14800.999615384615,0.5,2.762854,1,200,1,1,1,1,0.0
TXN0251,U045,OLA,7341.95,14820.934285714286,0.5,0.146839,1,200,0,1,1,1,0.0
TXN0252,U001,Amazon,350.4,17057.943333333333,0.1,0.035039999999999995,2,1500,0,1,1,0,0.0
TXN0253,U048,Flipkart,26997.92,14771.636538461538,0.3,1.0799168,2,1200,1,1,1,1,1.0
TXN0254,U030,Apple,14993.3,12418.7265,0.5,1.4993299999999998,2,25000,0,1,1,0,
TXN0255,U048,Big Bazaar,25762.08,14771.636538461538,0.3,1.0304832000000002,1,800,1,1,1,1,1.0
TXN0256,U036,Starbucks,9660.84,12933.505263157895,0.1,0.3864336,1,300,0,0,1,0,
TXN0257,U044,Swiggy,24132.1,14592.11625,0.5,2.41321,1,400,1,1,1,0,
TXN0258,U006,DMart,11073.89,14800.999615384615,0.5,1.107389,1,1000,0,1,1,0,
TXN0259,U032,Local Shop,201.27,14886.018823529412,0.5,0.0080508,3,100,0,0,1,0,
TXN0259,U032,Local Shop,201.27,14886.018823529412,0.5,0.0080508,3,500,0,0,1,0,
TXN0260,U001,DMart,22145.1,17057.943333333333,0.1,2.2145099999999998,1,1000,1,1,1,0,
TXN0261,U046,Flipkart,27639.02,17408.087916666667,0.5,0.5527804000000001,2,1200,1,0,1,1,1.0
TXN0262,U007,Local Shop,24600.69,15350.723461538462,0.1,0.4920138,3,100,1,0,1,0,
TXN0262,U007,Local Shop,24600.69,15350.723461538462,0.1,0.4920138,3,500,1,0,1,0,
TXN0263,U017,OLA,24958.68,18023.216111111113,0.3,0.9983472,1,200,1,1,1,1,0.0
TXN0264,U007,Local Shop,13492.51,15350.723461538462,0.1,0.2698502,3,100,0,1,1,0,
TXN0264,U007,Local Shop,13492.51,15350.723461538462,0.1,0.2698502,3,500,0,1,1,0,
TXN0265,U008,OLA,20584.78,16417.863999999998,0.5,2.058478,1,200,1,1,1,1,0.0
TXN0266,U006,Flipkart,15408.66,14800.999615384615,0.5,1.540866,2,1200,1,0,1,1,1.0
TXN0267,U048,Swiggy,13866.68,14771.636538461538,0.3,0.5546672,1,400,0,1,1,0,
TXN0268,U013,Flipkart,18912.62,13437.175666666668,0.1,0.3782524,2,1200,1,0,1,1,1.0
TXN0269,U013,Amazon,3872.46,13437.175666666668,0.1,0.0774492,2,1500,0,0,1,0,0.0
TXN0270,U004,Apple,21735.68,17519.001363636362,0.5,2.173568,2,25000,1,0,1,0,
TXN0271,U018,OLA,18427.06,19520.155555555553,0.1,0.9213530000000001,1,200,1,0,1,1,0.0
TXN0272,U006,Starbucks,12582.85,14800.999615384615,0.5,1.258285,1,300,0,1,1,0,
TXN0273,U046,Local Shop,23445.24,17408.087916666667,0.5,0.4689048,3,100,1,0,1,0,
TXN0273,U046,Local Shop,23445.24,17408.087916666667,0.5,0.4689048,3,500,1,0,1,0,
TXN0274,U039,DMart,23358.36,14423.2885,0.5,2.335836,1,1000,1,0,1,0,
TXN0275,U007,Flipkart,16015.35,15350.723461538462,0.1,0.320307,2,1200,1,0,1,1,1.0
TXN0276,U012,DMart,9546.95,16560.62391304348,0.1,0.19093900000000003,1,1000,0,1,1,0,
TXN0277,U037,Local Shop,29640.31,16250.847727272729,0.1,2.9640310000000003,3,100,1,1,1,0,
TXN0277,U037,Local Shop,29640.31,16250.847727272729,0.1,2.9640310000000003,3,500,1,1,1,0,
TXN0278,U015,Starbucks,15798.19,13445.822727272725,0.3,1.579819,1,300,1,1,1,0,
TXN0279,U004,DMart,21143.84,17519.001363636362,0.5,2.114384,1,1000,1,1,1,0,
TXN0280,U038,Local Shop,9684.87,10362.369565217392,0.5,0.19369740000000002,3,100,0,1,1,0,
TXN0280,U038,Local Shop,9684.87,10362.369565217392,0.5,0.19369740000000002,3,500,0,1,1,0,
TXN0281,U046,Flipkart,19969.29,17408.087916666667,0.5,0.3993858,2,1200,1,1,1,1,1.0
TXN0282,U045,Starbucks,29828.55,14820.934285714286,0.5,0.596571,1,300,1,0,1,0,
TXN0283,U007,Local Shop,22362.85,15350.723461538462,0.1,0.44725699999999996,3,100,1,0,1,0,
TXN0283,U007,Local Shop,22362.85,15350.723461538462,0.1,0.44725699999999996,3,500,1,0,1,0,
TXN0284,U029,DMart,7493.73,13431.904166666667,0.5,0.49958199999999997,1,1000,0,1,1,0,
TXN0285,U029,Local Shop,14797.53,13431.904166666667,0.5,0.986502,3,100,0,0,1,0,
TXN0285,U029,Local Shop,14797.53,13431.904166666667,0.5,0.986502,3,500,0,0,1,0,
TXN0286,U029,Flipkart,612.14,13431.904166666667,0.5,0.04080933333333333,2,1200,0,1,1,0,1.0
TXN0287,U036,Amazon,29558.43,12933.505263157895,0.1,1.1823372,2,1500,1,1,1,0,0.0
TXN0288,U004,Flipkart,29232.21,17519.001363636362,0.5,2.923221,2,1200,1,1,1,1,1.0
TXN0289,U016,OLA,17157.38,15302.5405,0.3,1.1438253333333335,1,200,1,1,1,1,0.0
TXN0290,U031,Local Shop,6216.52,11351.521818181818,0.5,0.6216520000000001,3,100,0,1,1,0,
TXN0290,U031,Local Shop,6216.52,11351.521818181818,0.5,0.6216520000000001,3,500,0,1,1,0,
TXN0291,U032,Apple,19259.57,14886.018823529412,0.5,0.7703828,2,25000,1,1,1,0,
TXN0292,U029,OLA,25113.99,13431.904166666667,0.5,1.674266,1,200,1,1,1,1,0.0
TXN0293,U027,Swiggy,1838.9,14860.588,0.1,0.18389,1,400,0,1,1,0,
TXN0294,U016,Local Shop,11850.18,15302.5405,0.3,0.790012,3,100,0,1,1,0,
TXN0294,U016,Local Shop,11850.18,15302.5405,0.3,0.790012,3,500,0,1,1,0,
TXN0295,U049,Amazon,29165.22,10371.976666666667,0.3,1.1666088000000001,2,1500,1,0,1,0,0.0
TXN0296,U041,Big Bazaar,27325.03,16698.2895,0.5,1.0930012,1,800,1,1,1,1,1.0
TXN0297,U034,OLA,21015.36,14981.503,0.3,2.101536,1,200,1,0,1,1,0.0
TXN0298,U037,Amazon,16073.65,16250.847727272729,0.1,1.607365,2,1500,1,0,1,0,0.0
TXN0299,U012,Starbucks,18551.15,16560.62391304348,0.1,0.37102300000000005,1,300,1,0,1,0,
TXN0300,U018,Apple,24523.4,19520.155555555553,0.1,1.22617,2,25000,1,1,1,0,
TXN0301,U020,Flipkart,21866.69,12877.225625000001,0.1,0.4373338,2,1200,1,1,1,1,1.0
TXN0302,U049,Apple,1695.61,10371.976666666667,0.3,0.06782439999999999,2,25000,0,1,1,0,
TXN0303,U013,Flipkart,1001.8,13437.175666666668,0.1,0.020035999999999998,2,1200,0,1,1,0,1.0
TXN0304,U026,Swiggy,926.59,14026.104761904762,0.1,0.06177266666666667,1,400,0,0,1,0,
TXN0305,U011,DMart,833.24,12921.21,0.1,0.041662,1,1000,0,0,1,0,
TXN0306,U042,OLA,23411.31,15395.054736842107,0.5,1.1705655000000001,1,200,1,1,1,1,0.0
TXN0307,U017,Big Bazaar,29011.06,18023.216111111113,0.3,1.1604424,1,800,1,1,1,1,1.0
TXN0308,U020,Apple,3078.34,12877.225625000001,0.1,0.061566800000000005,2,25000,0,0,1,0,
TXN0309,U044,OLA,10095.15,14592.11625,0.5,1.009515,1,200,0,1,1,1,0.0
TXN0310,U010,Big Bazaar,24164.84,14673.506470588236,0.5,2.416484,1,800,1,1,1,1,1.0
TXN0311,U019,Apple,11654.36,14745.427727272727,0.1,1.1654360000000001,2,25000,0,0,1,0,
TXN0312,U041,Swiggy,9012.84,16698.2895,0.5,0.3605136,1,400,0,0,1,0,
TXN0313,U048,Flipkart,26988.74,14771.636538461538,0.3,1.0795496,2,1200,1,0,1,1,1.0
TXN0314,U024,DMart,25537.9,15964.543,0.1,2.5537900000000002,1,1000,1,0,1,0,
TXN0315,U013,Apple,20424.13,13437.175666666668,0.1,0.40848260000000003,2,25000,1,0,1,0,
TXN0316,U037,Local Shop,25873.19,16250.847727272729,0.1,2.587319,3,100,1,0,1,0,
TXN0316,U037,Local Shop,25873.19,16250.847727272729,0.1,2.587319,3,500,1,0,1,0,
TXN0317,U001,Starbucks,22838.19,17057.943333333333,0.1,2.283819,1,300,1,0,0,0,
TXN0318,U026,Local Shop,150.03,14026.104761904762,0.1,0.010002,3,100,0,0,1,0,
TXN0318,U026,Local Shop,150.03,14026.104761904762,0.1,0.010002,3,500,0,0,1,0,
TXN0319,U044,Starbucks,20808.81,14592.11625,0.5,2.080881,1,300,1,1,1,0,
TXN0320,U003,Amazon,21837.68,13315.49105263158,0.5,2.183768,2,1500,1,1,1,0,0.0
TXN0321,U049,DMart,12107.72,10371.976666666667,0.3,0.4843088,1,1000,0,0,1,0,
TXN0322,U024,Amazon,26297.56,15964.543,0.1,2.629756,2,1500,1,0,1,0,0.0
TXN0323,U004,Starbucks,13334.99,17519.001363636362,0.5,1.333499,1,300,0,0,1,0,
TXN0324,U027,OLA,15614.07,14860.588,0.1,1.561407,1,200,1,0,1,1,0.0
TXN0325,U008,OLA,18273.96,16417.863999999998,0.5,1.827396,1,200,1,0,1,1,0.0
TXN0326,U003,Flipkart,20649.24,13315.49105263158,0.5,2.064924,2,1200,1,0,1,1,1.0
TXN0327,U043,Local Shop,23387.99,16141.43375,0.5,0.46775980000000006,3,100,1,0,1,0,
TXN0327,U043,Local Shop,23387.99,16141.43375,0.5,0.46775980000000006,3,500,1,0,1,0,
TXN0328,U030,OLA,5249.31,12418.7265,0.5,0.524931,1,200,0,1,1,1,0.0
TXN0329,U049,Amazon,4160.45,10371.976666666667,0.3,0.16641799999999998,2,1500,0,1,1,0,0.0
TXN0330,U022,DMart,12013.5,12852.751538461538,0.3,0.8009,1,1000,0,1,1,0,
TXN0331,U009,Amazon,4790.27,17536.138695652175,0.5,0.3193513333333334,2,1500,0,1,1,0,0.0
TXN0332,U040,DMart,27612.74,13706.595714285713,0.5,1.8408493333333333,1,1000,1,1,1,0,
TXN0333,U046,Starbucks,26195.58,17408.087916666667,0.5,0.5239116,1,300,1,1,1,0,
TXN0334,U023,Apple,25172.6,13148.203636363636,0.3,2.51726,2,25000,1,0,1,0,
TXN0335,U031,Swiggy,22545.39,11351.521818181818,0.5,2.254539,1,400,1,1,0,0,
TXN0336,U016,Local Shop,24039.83,15302.5405,0.3,1.6026553333333335,3,100,1,0,1,0,
TXN0336,U016,Local Shop,24039.83,15302.5405,0.3,1.6026553333333335,3,500,1,0,1,0,
TXN0337,U007,Starbucks,16718.36,15350.723461538462,0.1,0.33436720000000003,1,300,1,0,1,0,
TXN0338,U022,Apple,6695.31,12852.751538461538,0.3,0.44635400000000003,2,25000,0,0,1,0,
TXN0339,U008,Apple,10247.3,16417.863999999998,0.5,1.02473,2,25000,0,1,1,0,
TXN0340,U011,Starbucks,21508.51,12921.21,0.1,1.0754255,1,300,1,0,0,0,
TXN0341,U030,Big Bazaar,22716.91,12418.7265,0.5,2.271691,1,800,1,0,1,1,1.0
TXN0342,U043,Apple,140.09,16141.43375,0.5,0.0028018,2,25000,0,0,1,0,
TXN0343,U012,Local Shop,19729.08,16560.62391304348,0.1,0.39458160000000003,3,100,1,0,1,0,
TXN0343,U012,Local Shop,19729.08,16560.62391304348,0.1,0.39458160000000003,3,500,1,0,1,0,
TXN0344,U026,OLA,24145.86,14026.104761904762,0.1,1.609724,1,200,1,1,1,1,0.0
TXN0345,U041,Swiggy,18728.79,16698.2895,0.5,0.7491516,1,400,1,0,1,0,
TXN0346,U035,Swiggy,3471.0,13842.992142857142,0.3,0.17355,1,400,0,1,1,0,
TXN0347,U001,Local Shop,11432.3,17057.943333333333,0.1,1.14323,3,100,0,0,1,0,
TXN0347,U001,Local Shop,11432.3,17057.943333333333,0.1,1.14323,3,500,0,0,1,0,
TXN0348,U004,Flipkart,22610.28,17519.001363636362,0.5,2.261028,2,1200,1,1,1,1,1.0
TXN0349,U025,Swiggy,19938.16,13368.583529411766,0.1,1.3292106666666668,1,400,1,0,1,0,
TXN0350,U048,Starbucks,26066.81,14771.636538461538,0.3,1.0426724,1,300,1,0,1,0,
TXN0351,U035,Local Shop,21750.19,13842.992142857142,0.3,1.0875095,3,100,1,1,1,0,
TXN0351,U035,Local Shop,21750.19,13842.992142857142,0.3,1.0875095,3,500,1,1,1,0,
TXN0352,U008,Swiggy,8380.58,16417.863999999998,0.5,0.838058,1,400,0,1,1,0,
TXN0353,U010,Starbucks,27972.13,14673.506470588236,0.5,2.797213,1,300,1,0,1,0,
TXN0354,U034,DMart,2054.61,14981.503,0.3,0.205461,1,1000,0,0,1,0,
TXN0355,U043,Big Bazaar,8814.29,16141.43375,0.5,0.17628580000000002,1,800,0,0,1,1,1.0
TXN0356,U043,Amazon,27135.85,16141.43375,0.5,0.542717,2,1500,1,0,1,0,0.0
TXN0357,U025,Amazon,27340.96,13368.583529411766,0.1,1.8227306666666665,2,1500,1,0,1,0,0.0
TXN0358,U021,Big Bazaar,5030.17,14162.242307692308,0.1,0.2012068,1,800,0,1,1,1,1.0
TXN0359,U007,Local Shop,24504.46,15350.723461538462,0.1,0.4900892,3,100,1,1,1,0,
TXN0359,U007,Local Shop,24504.46,15350.723461538462,0.1,0.4900892,3,500,1,1,1,0,
TXN0360,U005,Amazon,7564.72,16665.08529411765,0.5,0.1512944,2,1500,0,0,1,0,0.0
TXN0361,U021,Local Shop,3557.99,14162.242307692308,0.1,0.1423196,3,100,0,1,1,0,
TXN0361,U021,Local Shop,3557.99,14162.242307692308,0.1,0.1423196,3,500,0,1,1,0,
TXN0362,U033,DMart,20579.5,13999.224666666667,0.1,0.41159,1,1000,1,1,1,0,
TXN0363,U011,Apple,22405.15,12921.21,0.1,1.1202575000000001,2,25000,1,1,1,0,
TXN0364,U036,Starbucks,1262.78,12933.505263157895,0.1,0.0505112,1,300,0,0,1,0,
TXN0365,U027,Big Bazaar,5527.94,14860.588,0.1,0.552794,1,800,0,0,1,1,1.0
TXN0366,U030,Swiggy,20153.84,12418.7265,0.5,2.015384,1,400,1,1,1,0,
TXN0367,U043,Flipkart,8561.26,16141.43375,0.5,0.1712252,2,1200,0,1,1,0,1.0
TXN0368,U010,Local Shop,9496.83,14673.506470588236,0.5,0.9496829999999999,3,100,0,1,1,0,
TXN0368,U010,Local Shop,9496.83,14673.506470588236,0.5,0.9496829999999999,3,500,0,1,1,0,
TXN0369,U024,OLA,13890.82,15964.543,0.1,1.389082,1,200,0,1,1,1,0.0
TXN0370,U009,OLA,22009.0,17536.138695652175,0.5,1.4672666666666667,1,200,1,1,1,1,0.0
TXN0371,U014,Local Shop,26820.64,15053.6445,0.3,1.341032,3,100,1,1,1,0,
TXN0371,U014,Local Shop,26820.64,15053.6445,0.3,1.341032,3,500,1,1,1,0,
TXN0372,U030,Flipkart,10922.33,12418.7265,0.5,1.092233,2,1200,0,0,1,1,1.0
TXN0373,U011,Apple,21962.81,12921.21,0.1,1.0981405,2,25000,1,0,1,0,
TXN0374,U003,Big Bazaar,27232.71,13315.49105263158,0.5,2.723271,1,800,1,1,1,1,1.0
TXN0375,U007,DMart,22259.87,15350.723461538462,0.1,0.44519739999999997,1,1000,1,0,1,0,
TXN0376,U017,Swiggy,12181.21,18023.216111111113,0.3,0.48724839999999997,1,400,0,0,1,0,
TXN0377,U029,Flipkart,15441.09,13431.904166666667,0.5,1.029406,2,1200,1,0,1,1,1.0
TXN0378,U027,Big Bazaar,20260.13,14860.588,0.1,2.0260130000000003,1,800,1,1,1,1,1.0
TXN0379,U009,Starbucks,18889.92,17536.138695652175,0.5,1.2593279999999998,1,300,1,1,1,0,
TXN0380,U026,Swiggy,21841.95,14026.104761904762,0.1,1.4561300000000001,1,400,1,0,1,0,
TXN0381,U011,Apple,4289.94,12921.21,0.1,0.214497,2,25000,0,1,1,0,
TXN0382,U030,DMart,11352.56,12418.7265,0.5,1.135256,1,1000,0,0,1,0,
TXN0383,U007,Local Shop,17998.42,15350.723461538462,0.1,0.35996839999999997,3,100,1,1,1,0,
TXN0383,U007,Local Shop,17998.42,15350.723461538462,0.1,0.35996839999999997,3,500,1,1,1,0,
TXN0384,U035,Local Shop,12626.31,13842.992142857142,0.3,0.6313155,3,100,0,1,1,0,
TXN0384,U035,Local Shop,12626.31,13842.992142857142,0.3,0.6313155,3,500,0,1,1,0,
TXN0385,U023,Local Shop,4025.15,13148.203636363636,0.3,0.402515,3,100,0,1,1,0,
TXN0385,U023,Local Shop,4025.15,13148.203636363636,0.3,0.402515,3,500,0,1,1,0,
TXN0386,U013,OLA,15680.99,13437.175666666668,0.1,0.3136198,1,200,1,1,1,1,0.0
TXN0387,U007,DMart,17565.25,15350.723461538462,0.1,0.351305,1,1000,1,1,1,0,
TXN0388,U027,Big Bazaar,11112.69,14860.588,0.1,1.111269,1,800,0,1,1,1,1.0
TXN0389,U043,Flipkart,23495.45,16141.43375,0.5,0.469909,2,1200,1,1,1,1,1.0
TXN0390,U025,Flipkart,2741.75,13368.583529411766,0.1,0.18278333333333333,2,1200,0,1,1,0,1.0
TXN0391,U006,DMart,11535.94,14800.999615384615,0.5,1.153594,1,1000,0,1,1,0,
TXN0392,U041,Flipkart,6059.2,16698.2895,0.5,0.242368,2,1200,0,0,1,0,1.0
TXN0393,U033,Local Shop,5092.79,13999.224666666667,0.1,0.1018558,3,100,0,1,1,0,
TXN0393,U033,Local Shop,5092.79,13999.224666666667,0.1,0.1018558,3,500,0,1,1,0,
TXN0394,U023,Local Shop,17586.54,13148.203636363636,0.3,1.7586540000000002,3,100,1,0,1,0,
TXN0394,U023,Local Shop,17586.54,13148.203636363636,0.3,1.7586540000000002,3,500,1,0,1,0,
TXN0395,U018,DMart,27892.12,19520.155555555553,0.1,1.394606,1,1000,1,1,1,0,
TXN0396,U019,Swiggy,15403.47,14745.427727272727,0.1,1.540347,1,400,1,1,0,0,
TXN0397,U031,Local Shop,13770.86,11351.521818181818,0.5,1.377086,3,100,0,0,1,0,
TXN0397,U031,Local Shop,13770.86,11351.521818181818,0.5,1.377086,3,500,0,0,1,0,
TXN0398,U041,Local Shop,9478.76,16698.2895,0.5,0.3791504,3,100,0,1,1,0,
TXN0398,U041,Local Shop,9478.76,16698.2895,0.5,0.3791504,3,500,0,1,1,0,
TXN0399,U006,OLA,16641.0,14800.999615384615,0.5,1.6641,1,200,1,1,1,1,0.0
TXN0400,U048,Apple,7269.27,14771.636538461538,0.3,0.2907708,2,25000,0,0,1,0,
TXN0401,U006,Amazon,208.64,14800.999615384615,0.5,0.020863999999999997,2,1500,0,1,1,0,0.0
TXN0402,U018,Local Shop,27481.04,19520.155555555553,0.1,1.374052,3,100,1,1,1,0,
TXN0402,U018,Local Shop,27481.04,19520.155555555553,0.1,1.374052,3,500,1,1,1,0,
TXN0403,U035,Apple,25813.4,13842.992142857142,0.3,1.29067,2,25000,1,1,1,0,
TXN0404,U001,Starbucks,17434.44,17057.943333333333,0.1,1.7434439999999998,1,300,1,0,1,0,
TXN0405,U031,OLA,5525.57,11351.521818181818,0.5,0.552557,1,200,0,0,1,1,0.0
TXN0406,U012,Apple,20583.5,16560.62391304348,0.1,0.41167,2,25000,1,1,1,0,
TXN0407,U010,Big Bazaar,302.17,14673.506470588236,0.5,0.030217,1,800,0,0,1,0,1.0
TXN0408,U020,Apple,2978.25,12877.225625000001,0.1,0.059565,2,25000,0,1,1,0,
TXN0409,U048,Apple,10815.59,14771.636538461538,0.3,0.4326236,2,25000,0,1,1,0,
TXN0410,U013,Local Shop,8545.42,13437.175666666668,0.1,0.1709084,3,100,0,1,1,0,
TXN0410,U013,Local Shop,8545.42,13437.175666666668,0.1,0.1709084,3,500,0,1,1,0,
TXN0411,U019,Local Shop,5035.59,14745.427727272727,0.1,0.503559,3,100,0,1,1,0,
TXN0411,U019,Local Shop,5035.59,14745.427727272727,0.1,0.503559,3,500,0,1,1,0,
TXN0412,U011,Amazon,9513.18,12921.21,0.1,0.475659,2,1500,0,1,1,0,0.0
TXN0413,U048,DMart,5027.87,14771.636538461538,0.3,0.20111479999999998,1,1000,0,0,1,0,
TXN0414,U011,Big Bazaar,1923.13,12921.21,0.1,0.0961565,1,800,0,1,1,0,1.0
TXN0415,U017,Amazon,19648.43,18023.216111111113,0.3,0.7859372,2,1500,1,0,1,0,0.0
TXN0416,U034,Flipkart,19909.84,14981.503,0.3,1.990984,2,1200,1,0,1,1,1.0
TXN0417,U029,Swiggy,17931.55,13431.904166666667,0.5,1.1954366666666667,1,400,1,0,1,0,
TXN0418,U031,DMart,2695.73,11351.521818181818,0.5,0.269573,1,1000,0,0,1,0,
TXN0419,U049,Swiggy,14081.25,10371.976666666667,0.3,0.56325,1,400,0,1,1,0,
TXN0420,U019,Local Shop,226.47,14745.427727272727,0.1,0.022647,3,100,0,1,1,0,
TXN0420,U019,Local Shop,226.47,14745.427727272727,0.1,0.022647,3,500,0,1,1,0,
TXN0421,U025,Local Shop,12672.96,13368.583529411766,0.1,0.844864,3,100,0,1,1,0,
TXN0421,U025,Local Shop,12672.96,13368.583529411766,0.1,0.844864,3,500,0,1,1,0,
TXN0422,U018,Swiggy,2063.23,19520.155555555553,0.1,0.1031615,1,400,0,1,1,0,
TXN0423,U021,Big Bazaar,29091.79,14162.242307692308,0.1,1.1636716,1,800,1,1,1,1,1.0
TXN0424,U015,Starbucks,14812.45,13445.822727272725,0.3,1.4812450000000001,1,300,0,0,1,0,
TXN0425,U006,DMart,23271.83,14800.999615384615,0.5,2.3271830000000002,1,1000,1,1,1,0,
TXN0426,U050,Amazon,29249.42,14787.260769230768,0.3,2.9249419999999997,2,1500,1,1,1,0,0.0
TXN0427,U043,Swiggy,20446.46,16141.43375,0.5,0.4089292,1,400,1,0,1,0,
TXN0428,U034,Swiggy,19159.22,14981.503,0.3,1.9159220000000001,1,400,1,1,1,0,
TXN0429,U021,Local Shop,8290.24,14162.242307692308,0.1,0.3316096,3,100,0,0,1,0,
TXN0429,U021,Local Shop,8290.24,14162.242307692308,0.1,0.3316096,3,500,0,0,1,0,
TXN0430,U010,Local Shop,4739.38,14673.506470588236,0.5,0.473938,3,100,0,1,1,0,
TXN0430,U010,Local Shop,4739.38,14673.506470588236,0.5,0.473938,3,500,0,1,1,0,
TXN0431,U007,Swiggy,9509.02,15350.723461538462,0.1,0.1901804,1,400,0,1,1,0,
TXN0432,U023,Local Shop,14564.21,13148.203636363636,0.3,1.456421,3,100,0,1,1,0,
TXN0432,U023,Local Shop,14564.21,13148.203636363636,0.3,1.456421,3,500,0,1,1,0,
TXN0433,U023,Swiggy,26031.18,13148.203636363636,0.3,2.603118,1,400,1,0,1,0,
TXN0434,U017,OLA,31.59,18023.216111111113,0.3,0.0012636,1,200,0,1,1,0,0.0
TXN0435,U016,Local Shop,29015.22,15302.5405,0.3,1.9343480000000002,3,100,1,0,1,0,
TXN0435,U016,Local Shop,29015.22,15302.5405,0.3,1.9343480000000002,3,500,1,0,1,0,
TXN0436,U019,Local Shop,9667.5,14745.427727272727,0.1,0.96675,3,100,0,0,1,0,
TXN0436,U019,Local Shop,9667.5,14745.427727272727,0.1,0.96675,3,500,0,0,1,0,
TXN0437,U007,Big Bazaar,964.2,15350.723461538462,0.1,0.019284000000000003,1,800,0,0,1,0,1.0
TXN0438,U024,Starbucks,27907.03,15964.543,0.1,2.7907029999999997,1,300,1,1,1,0,
TXN0439,U036,DMart,21255.93,12933.505263157895,0.1,0.8502372,1,1000,1,1,1,0,
TXN0440,U014,Amazon,21757.91,15053.6445,0.3,1.0878955,2,1500,1,0,1,0,0.0
TXN0441,U048,Swiggy,3174.37,14771.636538461538,0.3,0.1269748,1,400,0,0,1,0,
TXN0442,U012,Flipkart,10132.01,16560.62391304348,0.1,0.2026402,2,1200,0,0,1,1,1.0
TXN0443,U027,DMart,21778.77,14860.588,0.1,2.177877,1,1000,1,1,1,0,
TXN0444,U029,DMart,21792.14,13431.904166666667,0.5,1.4528093333333334,1,1000,1,1,1,0,
TXN0445,U020,Starbucks,9453.99,12877.225625000001,0.1,0.1890798,1,300,0,0,1,0,
TXN0446,U003,Amazon,4160.86,13315.49105263158,0.5,0.41608599999999996,2,1500,0,1,1,0,0.0
TXN0447,U026,Local Shop,2325.27,14026.104761904762,0.1,0.155018,3,100,0,1,1,0,
TXN0447,U026,Local Shop,2325.27,14026.104761904762,0.1,0.155018,3,500,0,1,1,0,
TXN0448,U042,Local Shop,24252.15,15395.054736842107,0.5,1.2126075,3,100,1,1,1,0,
TXN0448,U042,Local Shop,24252.15,15395.054736842107,0.5,1.2126075,3,500,1,1,1,0,
TXN0449,U008,Local Shop,23324.78,16417.863999999998,0.5,2.332478,3,100,1,0,1,0,
TXN0449,U008,Local Shop,23324.78,16417.863999999998,0.5,2.332478,3,500,1,0,1,0,
TXN0450,U033,DMart,1525.09,13999.224666666667,0.1,0.0305018,1,1000,0,0,1,0,
TXN0451,U028,Big Bazaar,3974.35,14916.403684210525,0.5,0.158974,1,800,0,0,1,0,1.0
TXN0452,U033,Local Shop,4054.77,13999.224666666667,0.1,0.0810954,3,100,0,0,1,0,
TXN0452,U033,Local Shop,4054.77,13999.224666666667,0.1,0.0810954,3,500,0,0,1,0,
TXN0453,U005,Big Bazaar,20545.29,16665.08529411765,0.5,0.41090580000000004,1,800,1,0,1,1,1.0
TXN0454,U023,DMart,9151.52,13148.203636363636,0.3,0.9151520000000001,1,1000,0,1,1,0,
TXN0455,U013,Big Bazaar,22734.44,13437.175666666668,0.1,0.45468879999999995,1,800,1,0,1,1,1.0
TXN0456,U001,OLA,13507.35,17057.943333333333,0.1,1.350735,1,200,0,0,1,1,0.0
TXN0457,U031,Swiggy,20965.67,11351.521818181818,0.5,2.096567,1,400,1,1,1,0,
TXN0458,U004,Flipkart,20898.84,17519.001363636362,0.5,2.089884,2,1200,1,0,1,1,1.0
TXN0459,U007,DMart,26503.24,15350.723461538462,0.1,0.5300648,1,1000,1,0,1,0,
TXN0460,U039,Apple,5974.27,14423.2885,0.5,0.597427,2,25000,0,1,1,0,
TXN0461,U020,Swiggy,22334.28,12877.225625000001,0.1,0.44668559999999996,1,400,1,0,1,0,
TXN0462,U041,Starbucks,29710.94,16698.2895,0.5,1.1884375999999999,1,300,1,0,0,0,
TXN0463,U006,Flipkart,7218.42,14800.999615384615,0.5,0.721842,2,1200,0,1,1,0,1.0
TXN0464,U042,Big Bazaar,4151.91,15395.054736842107,0.5,0.2075955,1,800,0,1,1,0,1.0
TXN0465,U011,Local Shop,15993.52,12921.21,0.1,0.799676,3,100,1,1,1,0,
TXN0465,U011,Local Shop,15993.52,12921.21,0.1,0.799676,3,500,1,1,1,0,
TXN0466,U027,DMart,22370.84,14860.588,0.1,2.237084,1,1000,1,1,1,0,
TXN0467,U009,Amazon,29578.81,17536.138695652175,0.5,1.9719206666666667,2,1500,1,1,1,0,0.0
TXN0468,U023,Starbucks,15074.71,13148.203636363636,0.3,1.507471,1,300,1,0,1,0,
TXN0469,U009,Apple,976.56,17536.138695652175,0.5,0.065104,2,25000,0,0,1,0,
TXN0470,U005,Big Bazaar,18515.61,16665.08529411765,0.5,0.37031220000000004,1,800,1,0,1,1,1.0
TXN0471,U048,Local Shop,18349.03,14771.636538461538,0.3,0.7339612,3,100,1,0,1,0,
TXN0471,U048,Local Shop,18349.03,14771.636538461538,0.3,0.7339612,3,500,1,0,1,0,
TXN0472,U007,Swiggy,26334.23,15350.723461538462,0.1,0.5266846,1,400,1,1,1,0,
TXN0473,U025,Swiggy,8742.47,13368.583529411766,0.1,0.5828313333333333,1,400,0,0,1,0,
TXN0474,U004,Local Shop,24898.51,17519.001363636362,0.5,2.489851,3,100,1,0,1,0,
TXN0474,U004,Local Shop,24898.51,17519.001363636362,0.5,2.489851,3,500,1,0,1,0,
TXN0475,U027,Local Shop,5374.57,14860.588,0.1,0.537457,3,100,0,1,1,0,
TXN0475,U027,Local Shop,5374.57,14860.588,0.1,0.537457,3,500,0,1,1,0,
TXN0476,U046,Flipkart,21189.74,17408.087916666667,0.5,0.4237948,2,1200,1,0,1,1,1.0
TXN0477,U036,Local Shop,5134.84,12933.505263157895,0.1,0.2053936,3,100,0,0,1,0,
TXN0477,U036,Local Shop,5134.84,12933.505263157895,0.1,0.2053936,3,500,0,0,1,0,
TXN0478,U027,Starbucks,23061.23,14860.588,0.1,2.306123,1,300,1,0,1,0,
TXN0479,U049,Local Shop,14933.85,10371.976666666667,0.3,0.597354,3,100,0,1,1,0,
TXN0479,U049,Local Shop,14933.85,10371.976666666667,0.3,0.597354,3,500,0,1,1,0,
TXN0480,U027,Apple,18007.06,14860.588,0.1,1.8007060000000001,2,25000,1,1,1,0,
TXN0481,U012,Starbucks,10477.1,16560.62391304348,0.1,0.209542,1,300,0,1,1,0,
TXN0482,U007,Starbucks,20165.99,15350.723461538462,0.1,0.4033198,1,300,1,0,1,0,
TXN0483,U048,Apple,2802.86,14771.636538461538,0.3,0.1121144,2,25000,0,1,1,0,
TXN0484,U031,OLA,25783.64,11351.521818181818,0.5,2.578364,1,200,1,1,1,1,0.0
TXN0485,U037,Amazon,21724.98,16250.847727272729,0.1,2.172498,2,1500,1,1,1,0,0.0
TXN0486,U034,OLA,18432.56,14981.503,0.3,1.8432560000000002,1,200,1,0,1,1,0.0
TXN0487,U013,OLA,13951.92,13437.175666666668,0.1,0.2790384,1,200,0,1,1,1,0.0
TXN0488,U022,Starbucks,19222.14,12852.751538461538,0.3,1.281476,1,300,1,1,1,0,
TXN0489,U008,Starbucks,11887.52,16417.863999999998,0.5,1.188752,1,300,0,1,1,0,
TXN0490,U031,Apple,4670.03,11351.521818181818,0.5,0.467003,2,25000,0,0,1,0,
TXN0491,U034,Starbucks,16081.21,14981.503,0.3,1.608121,1,300,1,1,1,0,
TXN0492,U022,Starbucks,18174.62,12852.751538461538,0.3,1.2116413333333333,1,300,1,0,1,0,
TXN0493,U027,OLA,11153.79,14860.588,0.1,1.1153790000000001,1,200,0,1,1,1,0.0
TXN0494,U050,Starbucks,15184.78,14787.260769230768,0.3,1.518478,1,300,1,1,1,0,
TXN0495,U020,Swiggy,26155.25,12877.225625000001,0.1,0.523105,1,400,1,1,1,0,
TXN0496,U025,Apple,9336.33,13368.583529411766,0.1,0.622422,2,25000,0,0,1,0,
TXN0497,U034,Amazon,17331.02,14981.503,0.3,1.7331020000000001,2,1500,1,1,1,0,0.0
TXN0498,U021,Swiggy,4488.13,14162.242307692308,0.1,0.1795252,1,400,0,1,1,0,
TXN0499,U023,Swiggy,4255.29,13148.203636363636,0.3,0.425529,1,400,0,0,1,0,
TXN0500,U029,Swiggy,14127.36,13431.904166666667,0.5,0.941824,1,400,0,1,1,0,
TXN0501,U038,Local Shop,10675.17,10362.369565217392,0.5,0.2135034,3,100,0,1,1,0,
TXN0501,U038,Local Shop,10675.17,10362.369565217392,0.5,0.2135034,3,500,0,1,1,0,
TXN0502,U009,Local Shop,13672.97,17536.138695652175,0.5,0.9115313333333332,3,100,0,0,1,0,
TXN0502,U009,Local Shop,13672.97,17536.138695652175,0.5,0.9115313333333332,3,500,0,0,1,0,
TXN0503,U040,Flipkart,5508.76,13706.595714285713,0.5,0.36725066666666667,2,1200,0,0,1,0,1.0
TXN0504,U008,Apple,25374.53,16417.863999999998,0.5,2.5374529999999997,2,25000,1,1,1,0,
TXN0505,U021,Amazon,9070.52,14162.242307692308,0.1,0.3628208,2,1500,0,1,1,0,0.0
TXN0506,U025,Apple,24419.33,13368.583529411766,0.1,1.6279553333333334,2,25000,1,1,1,0,
TXN0507,U043,Flipkart,27926.59,16141.43375,0.5,0.5585318,2,1200,1,0,1,1,1.0
TXN0508,U012,Apple,17951.79,16560.62391304348,0.1,0.3590358,2,25000,1,0,1,0,
TXN0509,U014,Amazon,4410.29,15053.6445,0.3,0.2205145,2,1500,0,0,1,0,0.0
TXN0510,U044,Big Bazaar,23832.46,14592.11625,0.5,2.3832459999999998,1,800,1,1,1,1,1.0
TXN0511,U038,Amazon,3835.4,10362.369565217392,0.5,0.076708,2,1500,0,1,1,0,0.0
TXN0512,U023,Swiggy,945.23,13148.203636363636,0.3,0.094523,1,400,0,1,0,0,
TXN0513,U028,Local Shop,5210.57,14916.403684210525,0.5,0.2084228,3,100,0,1,1,0,
TXN0513,U028,Local Shop,5210.57,14916.403684210525,0.5,0.2084228,3,500,0,1,1,0,
TXN0514,U001,Flipkart,21642.96,17057.943333333333,0.1,2.1642959999999998,2,1200,1,0,1,1,1.0
TXN0515,U045,Apple,5402.12,14820.934285714286,0.5,0.1080424,2,25000,0,0,1,0,
TXN0516,U039,Local Shop,21930.09,14423.2885,0.5,2.193009,3,100,1,1,1,0,
TXN0516,U039,Local Shop,21930.09,14423.2885,0.5,2.193009,3,500,1,1,1,0,
TXN0517,U031,Local Shop,17412.26,11351.521818181818,0.5,1.741226,3,100,1,1,1,0,
TXN0517,U031,Local Shop,17412.26,11351.521818181818,0.5,1.741226,3,500,1,1,1,0,
TXN0518,U034,Apple,14178.82,14981.503,0.3,1.4178819999999999,2,25000,0,1,1,0,
TXN0519,U004,Local Shop,13626.5,17519.001363636362,0.5,1.36265,3,100,0,1,1,0,
TXN0519,U004,Local Shop,13626.5,17519.001363636362,0.5,1.36265,3,500,0,1,1,0,
TXN0520,U011,OLA,23552.8,12921.21,0.1,1.17764,1,200,1,0,1,1,0.0
TXN0521,U002,Local Shop,3813.37,13432.033,0.5,0.25422466666666665,3,100,0,0,1,0,
TXN0521,U002,Local Shop,3813.37,13432.033,0.5,0.25422466666666665,3,500,0,0,1,0,
TXN0522,U001,OLA,22171.63,17057.943333333333,0.1,2.217163,1,200,1,1,1,1,0.0
TXN0523,U012,Apple,29522.31,16560.62391304348,0.1,0.5904462,2,25000,1,0,1,0,
TXN0524,U016,Local Shop,19130.86,15302.5405,0.3,1.2753906666666668,3,100,1,1,1,0,
TXN0524,U016,Local Shop,19130.86,15302.5405,0.3,1.2753906666666668,3,500,1,1,1,0,
TXN0525,U011,Starbucks,9048.0,12921.21,0.1,0.4524,1,300,0,0,0,0,
TXN0526,U017,Apple,8670.88,18023.216111111113,0.3,0.34683519999999995,2,25000,0,0,1,0,
TXN0527,U035,Amazon,12959.26,13842.992142857142,0.3,0.647963,2,1500,0,0,1,0,0.0
TXN0528,U042,OLA,23196.8,15395.054736842107,0.5,1.15984,1,200,1,0,1,1,0.0
TXN0529,U036,DMart,2047.88,12933.505263157895,0.1,0.08191520000000001,1,1000,0,1,1,0,
TXN0530,U013,OLA,2767.32,13437.175666666668,0.1,0.055346400000000004,1,200,0,1,1,1,0.0
TXN0531,U039,Amazon,22918.09,14423.2885,0.5,2.291809,2,1500,1,1,1,0,0.0
TXN0532,U030,OLA,13608.78,12418.7265,0.5,1.360878,1,200,0,0,1,1,0.0
TXN0533,U011,OLA,1881.0,12921.21,0.1,0.09405,1,200,0,1,1,1,0.0
TXN0534,U013,Apple,19368.04,13437.175666666668,0.1,0.3873608,2,25000,1,0,1,0,
TXN0535,U046,Apple,2196.86,17408.087916666667,0.5,0.0439372,2,25000,0,1,1,0,
TXN0536,U003,Starbucks,4556.71,13315.49105263158,0.5,0.455671,1,300,0,0,1,0,
TXN0537,U028,Apple,6783.15,14916.403684210525,0.5,0.271326,2,25000,0,1,1,0,
TXN0538,U044,DMart,18971.85,14592.11625,0.5,1.897185,1,1000,1,1,1,0,
TXN0539,U042,OLA,1189.54,15395.054736842107,0.5,0.059476999999999995,1,200,0,1,1,1,0.0
TXN0540,U006,Apple,5692.04,14800.999615384615,0.5,0.569204,2,25000,0,0,1,0,
TXN0541,U042,Swiggy,28948.97,15395.054736842107,0.5,1.4474485000000001,1,400,1,0,1,0,
TXN0542,U026,Starbucks,19618.96,14026.104761904762,0.1,1.3079306666666666,1,300,1,1,1,0,
TXN0543,U003,Amazon,581.7,13315.49105263158,0.5,0.058170000000000006,2,1500,0,0,1,0,0.0
TXN0544,U041,Flipkart,23812.98,16698.2895,0.5,0.9525192,2,1200,1,0,1,1,1.0
TXN0545,U032,Amazon,24135.56,14886.018823529412,0.5,0.9654224,2,1500,1,0,1,0,0.0
TXN0546,U035,Local Shop,28941.12,13842.992142857142,0.3,1.447056,3,100,1,0,1,0,
TXN0546,U035,Local Shop,28941.12,13842.992142857142,0.3,1.447056,3,500,1,0,1,0,
TXN0547,U049,Flipkart,11104.12,10371.976666666667,0.3,0.4441648,2,1200,0,0,1,1,1.0
TXN0548,U002,Flipkart,226.65,13432.033,0.5,0.01511,2,1200,0,1,1,0,1.0
TXN0549,U014,Flipkart,13518.07,15053.6445,0.3,0.6759035,2,1200,0,1,1,1,1.0
TXN0550,U006,Local Shop,12569.39,14800.999615384615,0.5,1.256939,3,100,0,0,1,0,
TXN0550,U006,Local Shop,12569.39,14800.999615384615,0.5,1.256939,3,500,0,0,1,0,
TXN0551,U050,Apple,1601.54,14787.260769230768,0.3,0.160154,2,25000,0,1,1,0,
TXN0552,U042,Starbucks,13045.8,15395.054736842107,0.5,0.6522899999999999,1,300,0,0,1,0,
TXN0553,U012,Swiggy,15451.96,16560.62391304348,0.1,0.30903919999999996,1,400,1,1,0,0,
TXN0554,U048,Big Bazaar,23371.47,14771.636538461538,0.3,0.9348588000000001,1,800,1,1,1,1,1.0
TXN0555,U005,Big Bazaar,26715.76,16665.08529411765,0.5,0.5343152,1,800,1,1,1,1,1.0
TXN0556,U047,Apple,6074.3,17238.375625,0.3,0.60743,2,25000,0,0,1,0,
TXN0557,U027,Apple,26593.41,14860.588,0.1,2.659341,2,25000,1,1,1,0,
TXN0558,U027,Amazon,29869.97,14860.588,0.1,2.986997,2,1500,1,0,1,0,0.0
TXN0559,U021,Big Bazaar,28388.11,14162.242307692308,0.1,1.1355244,1,800,1,0,1,1,1.0
TXN0560,U047,Apple,15938.34,17238.375625,0.3,1.593834,2,25000,1,0,1,0,
TXN0561,U049,Swiggy,3990.03,10371.976666666667,0.3,0.1596012,1,400,0,0,1,0,
TXN0562,U046,Flipkart,13918.18,17408.087916666667,0.5,0.2783636,2,1200,0,0,1,1,1.0
TXN0563,U025,Amazon,991.1,13368.583529411766,0.1,0.06607333333333333,2,1500,0,1,1,0,0.0
TXN0564,U040,Amazon,28360.21,13706.595714285713,0.5,1.8906806666666667,2,1500,1,0,1,0,0.0
TXN0565,U024,DMart,21283.02,15964.543,0.1,2.128302,1,1000,1,0,1,0,
TXN0566,U045,Local Shop,10587.82,14820.934285714286,0.5,0.21175639999999998,3,100,0,1,1,0,
TXN0566,U045,Local Shop,10587.82,14820.934285714286,0.5,0.21175639999999998,3,500,0,1,1,0,
TXN0567,U032,Apple,21297.66,14886.018823529412,0.5,0.8519064,2,25000,1,1,1,0,
TXN0568,U030,Big Bazaar,26939.4,12418.7265,0.5,2.69394,1,800,1,1,1,1,1.0
TXN0569,U010,Apple,12501.93,14673.506470588236,0.5,1.250193,2,25000,0,1,1,0,
TXN0570,U013,OLA,24061.65,13437.175666666668,0.1,0.481233,1,200,1,1,1,1,0.0
TXN0571,U038,Apple,9129.43,10362.369565217392,0.5,0.18258860000000002,2,25000,0,0,1,0,
TXN0572,U050,OLA,8538.62,14787.260769230768,0.3,0.8538620000000001,1,200,0,0,1,1,0.0
TXN0573,U046,Flipkart,7144.78,17408.087916666667,0.5,0.14289559999999998,2,1200,0,0,1,0,1.0
TXN0574,U036,Big Bazaar,9515.14,12933.505263157895,0.1,0.3806056,1,800,0,0,1,1,1.0
TXN0575,U026,Starbucks,27835.06,14026.104761904762,0.1,1.8556706666666667,1,300,1,1,1,0,
TXN0576,U019,Apple,16961.29,14745.427727272727,0.1,1.696129,2,25000,1,0,1,0,
TXN0577,U044,Flipkart,753.62,14592.11625,0.5,0.075362,2,1200,0,0,1,0,1.0
TXN0578,U034,Local Shop,686.23,14981.503,0.3,0.068623,3,100,0,1,1,0,
TXN0578,U034,Local Shop,686.23,14981.503,0.3,0.068623,3,500,0,1,1,0,
TXN0579,U032,Big Bazaar,10838.34,14886.018823529412,0.5,0.4335336,1,800,0,1,1,1,1.0
TXN0580,U023,DMart,16835.38,13148.203636363636,0.3,1.6835380000000002,1,1000,1,1,1,0,
TXN0581,U047,Flipkart,25066.99,17238.375625,0.3,2.5066990000000002,2,1200,1,0,1,1,1.0
TXN0582,U038,Amazon,12289.72,10362.369565217392,0.5,0.2457944,2,1500,0,0,1,0,0.0
TXN0583,U012,Big Bazaar,14722.66,16560.62391304348,0.1,0.29445319999999997,1,800,0,0,1,1,1.0
TXN0584,U002,Big Bazaar,9012.08,13432.033,0.5,0.6008053333333333,1,800,0,1,1,1,1.0
TXN0585,U012,Local Shop,3589.45,16560.62391304348,0.1,0.07178899999999999,3,100,0,1,1,0,
TXN0585,U012,Local Shop,3589.45,16560.62391304348,0.1,0.07178899999999999,3,500,0,1,1,0,
TXN0586,U028,Local Shop,24550.24,14916.403684210525,0.5,0.9820096,3,100,1,1,1,0,
TXN0586,U028,Local Shop,24550.24,14916.403684210525,0.5,0.9820096,3,500,1,1,1,0,
TXN0587,U021,Flipkart,4907.63,14162.242307692308,0.1,0.1963052,2,1200,0,0,1,0,1.0
TXN0588,U013,Swiggy,2844.31,13437.175666666668,0.1,0.0568862,1,400,0,1,1,0,
TXN0589,U007,DMart,4320.09,15350.723461538462,0.1,0.0864018,1,1000,0,1,1,0,
TXN0590,U014,Amazon,5660.62,15053.6445,0.3,0.283031,2,1500,0,0,1,0,0.0
TXN0591,U030,Local Shop,3945.65,12418.7265,0.5,0.394565,3,100,0,1,1,0,
TXN0591,U030,Local Shop,3945.65,12418.7265,0.5,0.394565,3,500,0,1,1,0,
TXN0592,U034,Local Shop,9147.48,14981.503,0.3,0.914748,3,100,0,1,1,0,
TXN0592,U034,Local Shop,9147.48,14981.503,0.3,0.914748,3,500,0,1,1,0,
TXN0593,U009,OLA,12749.9,17536.138695652175,0.5,0.8499933333333333,1,200,0,0,1,1,0.0
TXN0594,U007,Big Bazaar,3576.48,15350.723461538462,0.1,0.0715296,1,800,0,1,1,0,1.0
TXN0595,U014,Local Shop,20121.31,15053.6445,0.3,1.0060655,3,100,1,1,1,0,
TXN0595,U014,Local Shop,20121.31,15053.6445,0.3,1.0060655,3,500,1,1,1,0,
TXN0596,U011,DMart,17111.36,12921.21,0.1,0.855568,1,1000,1,1,1,0,
TXN0597,U011,OLA,2969.58,12921.21,0.1,0.148479,1,200,0,1,1,1,0.0
TXN0598,U044,Apple,10651.12,14592.11625,0.5,1.065112,2,25000,0,1,1,0,
TXN0599,U030,Amazon,22870.59,12418.7265,0.5,2.287059,2,1500,1,1,1,0,0.0
TXN0600,U019,Local Shop,29285.61,14745.427727272727,0.1,2.928561,3,100,1,1,1,0,
TXN0600,U019,Local Shop,29285.61,14745.427727272727,0.1,2.928561,3,500,1,1,1,0,
TXN0601,U044,Apple,29961.71,14592.11625,0.5,2.996171,2,25000,1,1,1,0,
TXN0602,U010,Amazon,17720.81,14673.506470588236,0.5,1.7720810000000002,2,1500,1,1,1,0,0.0
TXN0603,U013,DMart,6993.76,13437.175666666668,0.1,0.1398752,1,1000,0,1,1,0,
TXN0604,U031,DMart,15347.32,11351.521818181818,0.5,1.534732,1,1000,1,0,1,0,
TXN0605,U002,Flipkart,2056.18,13432.033,0.5,0.13707866666666665,2,1200,0,1,1,0,1.0
TXN0606,U040,OLA,2304.75,13706.595714285713,0.5,0.15365,1,200,0,1,1,1,0.0
TXN0607,U033,Apple,25791.57,13999.224666666667,0.1,0.5158313999999999,2,25000,1,1,1,0,
TXN0608,U029,Local Shop,13795.09,13431.904166666667,0.5,0.9196726666666667,3,100,0,1,1,0,
TXN0608,U029,Local Shop,13795.09,13431.904166666667,0.5,0.9196726666666667,3,500,0,1,1,0,
TXN0609,U020,Flipkart,3290.37,12877.225625000001,0.1,0.0658074,2,1200,0,0,1,0,1.0
TXN0610,U011,Swiggy,7909.1,12921.21,0.1,0.395455,1,400,0,1,1,0,
TXN0611,U004,DMart,25109.66,17519.001363636362,0.5,2.510966,1,1000,1,1,1,0,
TXN0612,U023,Local Shop,1702.91,13148.203636363636,0.3,0.170291,3,100,0,1,1,0,
TXN0612,U023,Local Shop,1702.91,13148.203636363636,0.3,0.170291,3,500,0,1,1,0,
TXN0613,U008,OLA,16157.12,16417.863999999998,0.5,1.615712,1,200,1,1,1,1,0.0
TXN0614,U002,OLA,676.87,13432.033,0.5,0.04512466666666667,1,200,0,1,1,0,0.0
TXN0615,U045,Amazon,14906.97,14820.934285714286,0.5,0.2981394,2,1500,0,1,1,0,0.0
TXN0616,U032,Big Bazaar,25511.53,14886.018823529412,0.5,1.0204612,1,800,1,0,1,1,1.0
TXN0617,U048,Local Shop,10111.77,14771.636538461538,0.3,0.4044708,3,100,0,1,1,0,
TXN0617,U048,Local Shop,10111.77,14771.636538461538,0.3,0.4044708,3,500,0,1,1,0,
TXN0618,U033,OLA,16203.03,13999.224666666667,0.1,0.32406060000000003,1,200,1,0,1,1,0.0
TXN0619,U041,Starbucks,14981.12,16698.2895,0.5,0.5992448,1,300,0,1,0,0,
TXN0620,U047,Local Shop,6027.43,17238.375625,0.3,0.602743,3,100,0,1,1,0,
TXN0620,U047,Local Shop,6027.43,17238.375625,0.3,0.602743,3,500,0,1,1,0,
TXN0621,U021,Local Shop,12379.03,14162.242307692308,0.1,0.4951612,3,100,0,1,1,0,
TXN0621,U021,Local Shop,12379.03,14162.242307692308,0.1,0.4951612,3,500,0,1,1,0,
TXN0622,U008,Big Bazaar,7375.14,16417.863999999998,0.5,0.737514,1,800,0,0,1,1,1.0
TXN0623,U011,Big Bazaar,7759.32,12921.21,0.1,0.387966,1,800,0,1,1,1,1.0
TXN0624,U004,Starbucks,8946.4,17519.001363636362,0.5,0.89464,1,300,0,1,1,0,
TXN0625,U047,Local Shop,17133.49,17238.375625,0.3,1.7133490000000002,3,100,1,1,1,0,
TXN0625,U047,Local Shop,17133.49,17238.375625,0.3,1.7133490000000002,3,500,1,1,1,0,
TXN0626,U006,Apple,24202.55,14800.999615384615,0.5,2.420255,2,25000,1,1,1,0,
TXN0627,U010,Big Bazaar,29098.01,14673.506470588236,0.5,2.909801,1,800,1,1,1,1,1.0
TXN0628,U021,Amazon,20485.33,14162.242307692308,0.1,0.8194132000000001,2,1500,1,1,1,0,0.0
TXN0629,U002,OLA,22186.1,13432.033,0.5,1.4790733333333332,1,200,1,0,1,1,0.0
TXN0630,U041,OLA,20560.6,16698.2895,0.5,0.8224239999999999,1,200,1,1,1,1,0.0
TXN0631,U017,Local Shop,22702.47,18023.216111111113,0.3,0.9080988000000001,3,100,1,1,1,0,
TXN0631,U017,Local Shop,22702.47,18023.216111111113,0.3,0.9080988000000001,3,500,1,1,1,0,
TXN0632,U018,Starbucks,22110.89,19520.155555555553,0.1,1.1055445,1,300,1,1,1,0,
TXN0633,U005,Swiggy,21879.66,16665.08529411765,0.5,0.4375932,1,400,1,1,1,0,
TXN0634,U042,Apple,6010.26,15395.054736842107,0.5,0.30051300000000003,2,25000,0,0,1,0,
TXN0635,U044,Local Shop,14356.18,14592.11625,0.5,1.435618,3,100,0,1,1,0,
TXN0635,U044,Local Shop,14356.18,14592.11625,0.5,1.435618,3,500,0,1,1,0,
TXN0636,U006,Big Bazaar,11810.89,14800.999615384615,0.5,1.1810889999999998,1,800,0,0,1,1,1.0
TXN0637,U036,Starbucks,29224.09,12933.505263157895,0.1,1.1689636,1,300,1,0,0,0,
TXN0638,U017,Local Shop,5111.99,18023.216111111113,0.3,0.20447959999999998,3,100,0,1,1,0,
TXN0638,U017,Local Shop,5111.99,18023.216111111113,0.3,0.20447959999999998,3,500,0,1,1,0,
TXN0639,U008,Apple,28382.11,16417.863999999998,0.5,2.8382110000000003,2,25000,1,0,1,0,
TXN0640,U039,Big Bazaar,20318.89,14423.2885,0.5,2.031889,1,800,1,1,1,1,1.0
TXN0641,U040,Big Bazaar,17491.26,13706.595714285713,0.5,1.166084,1,800,1,1,1,1,1.0
TXN0642,U046,Big Bazaar,17919.91,17408.087916666667,0.5,0.3583982,1,800,1,0,1,1,1.0
TXN0643,U039,DMart,7617.17,14423.2885,0.5,0.761717,1,1000,0,1,1,0,
TXN0644,U012,Local Shop,14790.27,16560.62391304348,0.1,0.2958054,3,100,0,0,1,0,
TXN0644,U012,Local Shop,14790.27,16560.62391304348,0.1,0.2958054,3,500,0,0,1,0,
TXN0645,U017,Flipkart,29355.71,18023.216111111113,0.3,1.1742284,2,1200,1,0,1,1,1.0
TXN0646,U017,OLA,9397.18,18023.216111111113,0.3,0.37588720000000003,1,200,0,1,1,1,0.0
TXN0647,U013,Starbucks,5502.41,13437.175666666668,0.1,0.1100482,1,300,0,1,1,0,
TXN0648,U029,Starbucks,14794.73,13431.904166666667,0.5,0.9863153333333333,1,300,0,0,1,0,
TXN0649,U011,Flipkart,26727.93,12921.21,0.1,1.3363965,2,1200,1,1,1,1,1.0
TXN0650,U005,Local Shop,2838.21,16665.08529411765,0.5,0.0567642,3,100,0,1,1,0,
TXN0650,U005,Local Shop,2838.21,16665.08529411765,0.5,0.0567642,3,500,0,1,1,0,
TXN0651,U010,DMart,24922.67,14673.506470588236,0.5,2.492267,1,1000,1,0,1,0,
TXN0652,U042,Starbucks,28423.08,15395.054736842107,0.5,1.421154,1,300,1,0,1,0,
TXN0653,U021,OLA,28557.49,14162.242307692308,0.1,1.1422996,1,200,1,0,1,1,0.0
TXN0654,U002,Amazon,23386.98,13432.033,0.5,1.559132,2,1500,1,0,1,0,0.0
TXN0655,U048,Local Shop,19968.95,14771.636538461538,0.3,0.7987580000000001,3,100,1,1,1,0,
TXN0655,U048,Local Shop,19968.95,14771.636538461538,0.3,0.7987580000000001,3,500,1,1,1,0,
TXN0656,U037,OLA,22697.15,16250.847727272729,0.1,2.269715,1,200,1,0,1,1,0.0
TXN0657,U022,Swiggy,20590.23,12852.751538461538,0.3,1.372682,1,400,1,0,1,0,
TXN0658,U028,Apple,4466.71,14916.403684210525,0.5,0.1786684,2,25000,0,0,1,0,
TXN0659,U005,Swiggy,12753.16,16665.08529411765,0.5,0.2550632,1,400,0,0,1,0,
TXN0660,U002,Swiggy,23587.45,13432.033,0.5,1.5724966666666667,1,400,1,1,1,0,
TXN0661,U040,Apple,24302.08,13706.595714285713,0.5,1.6201386666666668,2,25000,1,0,1,0,
TXN0662,U035,Local Shop,3509.18,13842.992142857142,0.3,0.175459,3,100,0,0,1,0,
TXN0662,U035,Local Shop,3509.18,13842.992142857142,0.3,0.175459,3,500,0,0,1,0,
TXN0663,U040,OLA,20217.36,13706.595714285713,0.5,1.3478240000000001,1,200,1,1,1,1,0.0
TXN0664,U008,Big Bazaar,814.19,16417.863999999998,0.5,0.081419,1,800,0,0,1,0,1.0
TXN0665,U020,Amazon,12662.16,12877.225625000001,0.1,0.2532432,2,1500,0,0,1,0,0.0
TXN0666,U002,Apple,8851.99,13432.033,0.5,0.5901326666666666,2,25000,0,0,1,0,
TXN0667,U032,Local Shop,14630.02,14886.018823529412,0.5,0.5852008,3,100,0,0,1,0,
TXN0667,U032,Local Shop,14630.02,14886.018823529412,0.5,0.5852008,3,500,0,0,1,0,
TXN0668,U046,Big Bazaar,17296.34,17408.087916666667,0.5,0.3459268,1,800,1,0,1,1,1.0
TXN0669,U040,Apple,20928.46,13706.595714285713,0.5,1.3952306666666665,2,25000,1,0,1,0,
TXN0670,U015,Swiggy,25605.08,13445.822727272725,0.3,2.560508,1,400,1,1,0,0,
TXN0671,U031,DMart,20724.02,11351.521818181818,0.5,2.072402,1,1000,1,1,1,0,
TXN0672,U027,Amazon,6290.89,14860.588,0.1,0.629089,2,1500,0,1,1,0,0.0
TXN0673,U003,Swiggy,3427.94,13315.49105263158,0.5,0.342794,1,400,0,1,1,0,
TXN0674,U050,Starbucks,25603.71,14787.260769230768,0.3,2.560371,1,300,1,0,1,0,
TXN0675,U049,Apple,18321.07,10371.976666666667,0.3,0.7328428,2,25000,1,0,1,0,
TXN0676,U014,Amazon,8770.77,15053.6445,0.3,0.4385385,2,1500,0,1,1,0,0.0
TXN0677,U009,DMart,29089.4,17536.138695652175,0.5,1.9392933333333335,1,1000,1,0,1,0,
TXN0678,U018,Amazon,18886.92,19520.155555555553,0.1,0.9443459999999999,2,1500,1,0,1,0,0.0
TXN0679,U027,Local Shop,15489.5,14860.588,0.1,1.54895,3,100,1,0,1,0,
TXN0679,U027,Local Shop,15489.5,14860.588,0.1,1.54895,3,500,1,0,1,0,
TXN0680,U022,Amazon,4938.1,12852.751538461538,0.3,0.3292066666666667,2,1500,0,0,1,0,0.0
TXN0681,U019,Swiggy,21026.7,14745.427727272727,0.1,2.1026700000000003,1,400,1,1,1,0,
TXN0682,U034,OLA,12124.1,14981.503,0.3,1.21241,1,200,0,1,1,1,0.0
TXN0683,U050,Local Shop,1118.74,14787.260769230768,0.3,0.111874,3,100,0,1,1,0,
TXN0683,U050,Local Shop,1118.74,14787.260769230768,0.3,0.111874,3,500,0,1,1,0,
TXN0684,U006,Big Bazaar,10227.86,14800.999615384615,0.5,1.022786,1,800,0,1,1,1,1.0
TXN0685,U033,Local Shop,11195.64,13999.224666666667,0.1,0.2239128,3,100,0,0,1,0,
TXN0685,U033,Local Shop,11195.64,13999.224666666667,0.1,0.2239128,3,500,0,0,1,0,
TXN0686,U037,OLA,29488.69,16250.847727272729,0.1,2.9488689999999997,1,200,1,0,1,1,0.0
TXN0687,U020,DMart,11336.2,12877.225625000001,0.1,0.226724,1,1000,0,0,1,0,
TXN0688,U007,Apple,12367.47,15350.723461538462,0.1,0.2473494,2,25000,0,1,1,0,
TXN0689,U044,DMart,16773.46,14592.11625,0.5,1.677346,1,1000,1,1,1,0,
TXN0690,U047,Apple,15178.52,17238.375625,0.3,1.517852,2,25000,1,1,1,0,
TXN0691,U030,Big Bazaar,4713.62,12418.7265,0.5,0.471362,1,800,0,0,1,0,1.0
TXN0692,U024,Amazon,15688.1,15964.543,0.1,1.56881,2,1500,1,1,1,0,0.0
TXN0693,U010,Flipkart,28105.25,14673.506470588236,0.5,2.810525,2,1200,1,0,1,1,1.0
TXN0694,U023,Swiggy,14440.48,13148.203636363636,0.3,1.444048,1,400,0,1,1,0,
TXN0695,U033,Flipkart,13503.38,13999.224666666667,0.1,0.27006759999999996,2,1200,0,1,1,1,1.0
TXN0696,U015,Local Shop,1384.13,13445.822727272725,0.3,0.138413,3,100,0,1,1,0,
TXN0696,U015,Local Shop,1384.13,13445.822727272725,0.3,0.138413,3,500,0,1,1,0,
TXN0697,U037,Starbucks,19358.34,16250.847727272729,0.1,1.935834,1,300,1,0,1,0,
TXN0698,U034,Local Shop,26906.96,14981.503,0.3,2.690696,3,100,1,1,1,0,
TXN0698,U034,Local Shop,26906.96,14981.503,0.3,2.690696,3,500,1,1,1,0,
TXN0699,U046,Big Bazaar,24209.56,17408.087916666667,0.5,0.48419120000000004,1,800,1,0,1,1,1.0
TXN0700,U028,DMart,25790.86,14916.403684210525,0.5,1.0316344,1,1000,1,1,1,0,
TXN0701,U012,Flipkart,9210.76,16560.62391304348,0.1,0.1842152,2,1200,0,0,1,0,1.0
TXN0702,U025,OLA,12390.56,13368.583529411766,0.1,0.8260373333333333,1,200,0,1,1,1,0.0
TXN0703,U033,Apple,8085.93,13999.224666666667,0.1,0.16171860000000002,2,25000,0,1,1,0,
TXN0704,U002,Big Bazaar,22891.72,13432.033,0.5,1.5261146666666667,1,800,1,1,1,1,1.0
TXN0705,U024,Flipkart,7362.39,15964.543,0.1,0.7362390000000001,2,1200,0,1,1,0,1.0
TXN0706,U040,Apple,1814.65,13706.595714285713,0.5,0.12097666666666668,2,25000,0,1,1,0,
TXN0707,U038,Big Bazaar,4850.87,10362.369565217392,0.5,0.0970174,1,800,0,0,1,0,1.0
TXN0708,U018,Swiggy,15149.56,19520.155555555553,0.1,0.757478,1,400,1,1,1,0,
TXN0709,U016,OLA,6326.61,15302.5405,0.3,0.421774,1,200,0,1,1,1,0.0
TXN0710,U031,Local Shop,5214.35,11351.521818181818,0.5,0.521435,3,100,0,0,1,0,
TXN0710,U031,Local Shop,5214.35,11351.521818181818,0.5,0.521435,3,500,0,0,1,0,
TXN0711,U002,Swiggy,3711.23,13432.033,0.5,0.24741533333333335,1,400,0,1,1,0,
TXN0712,U030,Amazon,290.81,12418.7265,0.5,0.029081,2,1500,0,0,1,0,0.0
TXN0713,U041,Local Shop,29403.77,16698.2895,0.5,1.1761508,3,100,1,1,1,0,
TXN0713,U041,Local Shop,29403.77,16698.2895,0.5,1.1761508,3,500,1,1,1,0,
TXN0714,U013,Starbucks,26098.79,13437.175666666668,0.1,0.5219758,1,300,1,0,1,0,
TXN0715,U038,Amazon,7796.14,10362.369565217392,0.5,0.1559228,2,1500,0,1,1,0,0.0
TXN0716,U045,Starbucks,16807.88,14820.934285714286,0.5,0.3361576,1,300,1,1,1,0,
TXN0717,U028,DMart,20408.4,14916.403684210525,0.5,0.8163360000000001,1,1000,1,0,1,0,
TXN0718,U035,Local Shop,11761.85,13842.992142857142,0.3,0.5880925,3,100,0,1,1,0,
TXN0718,U035,Local Shop,11761.85,13842.992142857142,0.3,0.5880925,3,500,0,1,1,0,
TXN0719,U016,Amazon,9331.07,15302.5405,0.3,0.6220713333333333,2,1500,0,0,1,0,0.0
TXN0720,U016,OLA,28764.49,15302.5405,0.3,1.9176326666666668,1,200,1,1,1,1,0.0
TXN0721,U041,Amazon,29236.02,16698.2895,0.5,1.1694408,2,1500,1,0,1,0,0.0
TXN0722,U004,Apple,3063.81,17519.001363636362,0.5,0.306381,2,25000,0,1,1,0,
TXN0723,U039,Big Bazaar,11523.76,14423.2885,0.5,1.152376,1,800,0,1,1,1,1.0
TXN0724,U034,Apple,3089.66,14981.503,0.3,0.30896599999999996,2,25000,0,1,1,0,
TXN0725,U027,DMart,7302.14,14860.588,0.1,0.730214,1,1000,0,1,1,0,
TXN0726,U038,OLA,14091.02,10362.369565217392,0.5,0.2818204,1,200,0,1,1,1,0.0
TXN0727,U016,Starbucks,10321.04,15302.5405,0.3,0.6880693333333334,1,300,0,1,1,0,
TXN0728,U039,Apple,17356.54,14423.2885,0.5,1.735654,2,25000,1,0,1,0,
TXN0729,U032,Starbucks,6698.52,14886.018823529412,0.5,0.26794080000000003,1,300,0,1,1,0,
TXN0730,U014,Local Shop,29696.44,15053.6445,0.3,1.4848219999999999,3,100,1,0,1,0,
TXN0730,U014,Local Shop,29696.44,15053.6445,0.3,1.4848219999999999,3,500,1,0,1,0,
TXN0731,U013,Apple,29259.53,13437.175666666668,0.1,0.5851906,2,25000,1,1,1,0,
TXN0732,U016,Swiggy,5290.56,15302.5405,0.3,0.352704,1,400,0,1,1,0,
TXN0733,U014,DMart,11095.52,15053.6445,0.3,0.554776,1,1000,0,0,1,0,
TXN0734,U010,Amazon,15981.32,14673.506470588236,0.5,1.5981319999999999,2,1500,1,0,1,0,0.0
TXN0735,U038,Local Shop,4465.52,10362.369565217392,0.5,0.08931040000000001,3,100,0,1,1,0,
TXN0735,U038,Local Shop,4465.52,10362.369565217392,0.5,0.08931040000000001,3,500,0,1,1,0,
TXN0736,U047,Big Bazaar,19908.43,17238.375625,0.3,1.990843,1,800,1,1,1,1,1.0
TXN0737,U021,Flipkart,28673.0,14162.242307692308,0.1,1.14692,2,1200,1,1,1,1,1.0
TXN0738,U013,Big Bazaar,6565.63,13437.175666666668,0.1,0.1313126,1,800,0,1,1,1,1.0
TXN0739,U049,Flipkart,15569.43,10371.976666666667,0.3,0.6227772,2,1200,1,1,1,1,1.0
TXN0740,U028,Apple,14931.32,14916.403684210525,0.5,0.5972528,2,25000,0,1,1,0,
TXN0741,U006,DMart,8299.98,14800.999615384615,0.5,0.8299979999999999,1,1000,0,0,1,0,
TXN0742,U044,Big Bazaar,22358.89,14592.11625,0.5,2.235889,1,800,1,1,1,1,1.0
TXN0743,U017,Swiggy,24671.04,18023.216111111113,0.3,0.9868416,1,400,1,0,1,0,
TXN0744,U042,Apple,11931.18,15395.054736842107,0.5,0.5965590000000001,2,25000,0,0,1,0,
TXN0745,U022,Apple,5643.52,12852.751538461538,0.3,0.3762346666666667,2,25000,0,1,1,0,
TXN0746,U009,DMart,28301.19,17536.138695652175,0.5,1.8867459999999998,1,1000,1,0,1,0,
TXN0747,U049,Local Shop,17612.78,10371.976666666667,0.3,0.7045112,3,100,1,0,1,0,
TXN0747,U049,Local Shop,17612.78,10371.976666666667,0.3,0.7045112,3,500,1,0,1,0,
TXN0748,U041,Local Shop,6134.1,16698.2895,0.5,0.24536400000000003,3,100,0,1,1,0,
TXN0748,U041,Local Shop,6134.1,16698.2895,0.5,0.24536400000000003,3,500,0,1,1,0,
TXN0749,U006,OLA,16591.67,14800.999615384615,0.5,1.6591669999999998,1,200,1,0,1,1,0.0
TXN0750,U019,Local Shop,19790.5,14745.427727272727,0.1,1.97905,3,100,1,0,1,0,
TXN0750,U019,Local Shop,19790.5,14745.427727272727,0.1,1.97905,3,500,1,0,1,0,
TXN0751,U011,Local Shop,12558.21,12921.21,0.1,0.6279104999999999,3,100,0,0,1,0,
TXN0751,U011,Local Shop,12558.21,12921.21,0.1,0.6279104999999999,3,500,0,0,1,0,
TXN0752,U046,Local Shop,18115.25,17408.087916666667,0.5,0.362305,3,100,1,1,1,0,
TXN0752,U046,Local Shop,18115.25,17408.087916666667,0.5,0.362305,3,500,1,1,1,0,
TXN0753,U001,Big Bazaar,24739.23,17057.943333333333,0.1,2.473923,1,800,1,1,1,1,1.0
TXN0754,U037,Apple,19392.51,16250.847727272729,0.1,1.9392509999999998,2,25000,1,1,1,0,
TXN0755,U016,Local Shop,11546.1,15302.5405,0.3,0.76974,3,100,0,0,1,0,
TXN0755,U016,Local Shop,11546.1,15302.5405,0.3,0.76974,3,500,0,0,1,0,
TXN0756,U011,Big Bazaar,27489.73,12921.21,0.1,1.3744865,1,800,1,1,1,1,1.0
TXN0757,U005,DMart,13533.57,16665.08529411765,0.5,0.2706714,1,1000,0,1,1,0,
TXN0758,U022,Local Shop,1142.86,12852.751538461538,0.3,0.07619066666666666,3,100,0,1,1,0,
TXN0758,U022,Local Shop,1142.86,12852.751538461538,0.3,0.07619066666666666,3,500,0,1,1,0,
TXN0759,U030,Apple,19714.11,12418.7265,0.5,1.971411,2,25000,1,1,1,0,
TXN0760,U039,Starbucks,3733.3,14423.2885,0.5,0.37333,1,300,0,1,1,0,
TXN0761,U023,Apple,1043.0,13148.203636363636,0.3,0.1043,2,25000,0,0,1,0,
TXN0762,U045,Local Shop,17950.18,14820.934285714286,0.5,0.3590036,3,100,1,1,1,0,
TXN0762,U045,Local Shop,17950.18,14820.934285714286,0.5,0.3590036,3,500,1,1,1,0,
TXN0763,U006,Big Bazaar,29678.83,14800.999615384615,0.5,2.967883,1,800,1,0,1,1,1.0
TXN0764,U047,Flipkart,15379.88,17238.375625,0.3,1.537988,2,1200,1,1,1,1,1.0
TXN0765,U008,Local Shop,10703.72,16417.863999999998,0.5,1.0703719999999999,3,100,0,1,1,0,
TXN0765,U008,Local Shop,10703.72,16417.863999999998,0.5,1.0703719999999999,3,500,0,1,1,0,
TXN0766,U005,Big Bazaar,18721.04,16665.08529411765,0.5,0.3744208,1,800,1,0,1,1,1.0
TXN0767,U046,Amazon,28771.45,17408.087916666667,0.5,0.575429,2,1500,1,0,1,0,0.0
TXN0768,U012,DMart,19994.45,16560.62391304348,0.1,0.399889,1,1000,1,0,1,0,
TXN0769,U038,Swiggy,646.19,10362.369565217392,0.5,0.012923800000000001,1,400,0,1,1,0,
TXN0770,U006,Local Shop,14966.81,14800.999615384615,0.5,1.496681,3,100,0,0,1,0,
TXN0770,U006,Local Shop,14966.81,14800.999615384615,0.5,1.496681,3,500,0,0,1,0,
TXN0771,U009,DMart,23611.26,17536.138695652175,0.5,1.5740839999999998,1,1000,1,1,1,0,
TXN0772,U047,Big Bazaar,6182.46,17238.375625,0.3,0.618246,1,800,0,1,1,1,1.0
TXN0773,U025,Local Shop,13276.4,13368.583529411766,0.1,0.8850933333333333,3,100,0,1,1,0,
TXN0773,U025,Local Shop,13276.4,13368.583529411766,0.1,0.8850933333333333,3,500,0,1,1,0,
TXN0774,U009,Big Bazaar,16469.92,17536.138695652175,0.5,1.0979946666666665,1,800,1,1,1,1,1.0
TXN0775,U011,OLA,5301.3,12921.21,0.1,0.265065,1,200,0,1,1,1,0.0
TXN0776,U024,Amazon,14126.7,15964.543,0.1,1.41267,2,1500,0,1,1,0,0.0
TXN0777,U049,Starbucks,2506.15,10371.976666666667,0.3,0.100246,1,300,0,0,1,0,
TXN0778,U025,OLA,8503.94,13368.583529411766,0.1,0.5669293333333334,1,200,0,1,1,1,0.0
TXN0779,U013,Flipkart,15025.99,13437.175666666668,0.1,0.3005198,2,1200,1,1,1,1,1.0
TXN0780,U032,Local Shop,26551.14,14886.018823529412,0.5,1.0620456,3,100,1,1,1,0,
TXN0780,U032,Local Shop,26551.14,14886.018823529412,0.5,1.0620456,3,500,1,1,1,0,
TXN0781,U050,OLA,20657.8,14787.260769230768,0.3,2.0657799999999997,1,200,1,0,1,1,0.0
TXN0782,U024,Starbucks,19973.61,15964.543,0.1,1.9973610000000002,1,300,1,1,1,0,
TXN0783,U008,Starbucks,21185.03,16417.863999999998,0.5,2.118503,1,300,1,0,0,0,
TXN0784,U045,OLA,9246.29,14820.934285714286,0.5,0.18492580000000003,1,200,0,1,1,1,0.0
TXN0785,U018,Flipkart,9249.93,19520.155555555553,0.1,0.46249650000000003,2,1200,0,1,1,0,1.0
TXN0786,U027,Swiggy,12934.18,14860.588,0.1,1.293418,1,400,0,0,1,0,
TXN0787,U037,Apple,1778.87,16250.847727272729,0.1,0.177887,2,25000,0,1,1,0,
TXN0788,U006,Flipkart,3749.2,14800.999615384615,0.5,0.37492,2,1200,0,1,1,0,1.0
TXN0789,U004,Starbucks,17477.54,17519.001363636362,0.5,1.747754,1,300,1,0,1,0,
TXN0790,U031,Apple,11129.85,11351.521818181818,0.5,1.1129850000000001,2,25000,0,0,1,0,
TXN0791,U004,Local Shop,3014.32,17519.001363636362,0.5,0.30143200000000003,3,100,0,0,1,0,
TXN0791,U004,Local Shop,3014.32,17519.001363636362,0.5,0.30143200000000003,3,500,0,0,1,0,
TXN0792,U034,Amazon,13563.02,14981.503,0.3,1.3563020000000001,2,1500,0,0,1,0,0.0
TXN0793,U002,DMart,1382.17,13432.033,0.5,0.09214466666666667,1,1000,0,0,1,0,
TXN0794,U006,Local Shop,29606.28,14800.999615384615,0.5,2.960628,3,100,1,1,1,0,
TXN0794,U006,Local Shop,29606.28,14800.999615384615,0.5,2.960628,3,500,1,1,1,0,
TXN0795,U034,Flipkart,14942.77,14981.503,0.3,1.494277,2,1200,0,0,1,1,1.0
TXN0796,U031,Amazon,6357.11,11351.521818181818,0.5,0.6357109999999999,2,1500,0,1,1,0,0.0
TXN0797,U021,Flipkart,21578.06,14162.242307692308,0.1,0.8631224000000001,2,1200,1,0,1,1,1.0
TXN0798,U045,Amazon,22992.46,14820.934285714286,0.5,0.45984919999999996,2,1500,1,1,1,0,0.0
TXN0799,U028,Swiggy,3479.54,14916.403684210525,0.5,0.1391816,1,400,0,0,1,0,
TXN0800,U024,Local Shop,17311.74,15964.543,0.1,1.7311740000000002,3,100,1,1,1,0,
TXN0800,U024,Local Shop,17311.74,15964.543,0.1,1.7311740000000002,3,500,1,1,1,0,
TXN0801,U050,DMart,19915.65,14787.260769230768,0.3,1.9915650000000003,1,1000,1,0,1,0,
TXN0802,U019,Flipkart,13678.98,14745.427727272727,0.1,1.367898,2,1200,0,1,1,1,1.0
TXN0803,U020,DMart,29905.49,12877.225625000001,0.1,0.5981098,1,1000,1,1,1,0,
TXN0804,U022,Starbucks,21982.42,12852.751538461538,0.3,1.4654946666666666,1,300,1,1,0,0,
TXN0805,U043,OLA,11774.64,16141.43375,0.5,0.2354928,1,200,0,1,1,1,0.0
TXN0806,U045,OLA,3935.71,14820.934285714286,0.5,0.0787142,1,200,0,1,1,1,0.0
TXN0807,U009,Local Shop,26917.57,17536.138695652175,0.5,1.7945046666666666,3,100,1,1,1,0,
TXN0807,U009,Local Shop,26917.57,17536.138695652175,0.5,1.7945046666666666,3,500,1,1,1,0,
TXN0808,U007,Local Shop,28512.44,15350.723461538462,0.1,0.5702488,3,100,1,1,1,0,
TXN0808,U007,Local Shop,28512.44,15350.723461538462,0.1,0.5702488,3,500,1,1,1,0,
TXN0809,U004,Flipkart,13020.3,17519.001363636362,0.5,1.30203,2,1200,0,0,1,1,1.0
TXN0810,U020,Apple,22358.56,12877.225625000001,0.1,0.44717120000000005,2,25000,1,0,1,0,
TXN0811,U018,Local Shop,357.96,19520.155555555553,0.1,0.017897999999999997,3,100,0,1,1,0,
TXN0811,U018,Local Shop,357.96,19520.155555555553,0.1,0.017897999999999997,3,500,0,1,1,0,
TXN0812,U038,Starbucks,20814.84,10362.369565217392,0.5,0.4162968,1,300,1,0,0,0,
TXN0813,U037,OLA,1914.31,16250.847727272729,0.1,0.191431,1,200,0,1,1,1,0.0
TXN0814,U036,Local Shop,15571.84,12933.505263157895,0.1,0.6228736,3,100,1,0,1,0,
TXN0814,U036,Local Shop,15571.84,12933.505263157895,0.1,0.6228736,3,500,1,0,1,0,
TXN0815,U012,Amazon,16646.11,16560.62391304348,0.1,0.3329222,2,1500,1,1,1,0,0.0
TXN0816,U036,Amazon,29398.05,12933.505263157895,0.1,1.175922,2,1500,1,0,1,0,0.0
TXN0817,U020,Big Bazaar,16027.73,12877.225625000001,0.1,0.32055459999999997,1,800,1,0,1,1,1.0
TXN0818,U035,Local Shop,2979.28,13842.992142857142,0.3,0.148964,3,100,0,1,1,0,
TXN0818,U035,Local Shop,2979.28,13842.992142857142,0.3,0.148964,3,500,0,1,1,0,
TXN0819,U039,Flipkart,10778.36,14423.2885,0.5,1.077836,2,1200,0,1,1,1,1.0
TXN0820,U026,Flipkart,20299.0,14026.104761904762,0.1,1.3532666666666666,2,1200,1,1,1,1,1.0
TXN0821,U046,Big Bazaar,24648.82,17408.087916666667,0.5,0.4929764,1,800,1,1,1,1,1.0
TXN0822,U018,Amazon,16455.58,19520.155555555553,0.1,0.822779,2,1500,1,0,1,0,0.0
TXN0823,U018,Big Bazaar,29384.76,19520.155555555553,0.1,1.4692379999999998,1,800,1,1,1,1,1.0
TXN0824,U032,Local Shop,17169.02,14886.018823529412,0.5,0.6867608000000001,3,100,1,1,1,0,
TXN0824,U032,Local Shop,17169.02,14886.018823529412,0.5,0.6867608000000001,3,500,1,1,1,0,
TXN0825,U023,Flipkart,17773.38,13148.203636363636,0.3,1.777338,2,1200,1,0,1,1,1.0
TXN0826,U037,Local Shop,19179.41,16250.847727272729,0.1,1.917941,3,100,1,0,1,0,
TXN0826,U037,Local Shop,19179.41,16250.847727272729,0.1,1.917941,3,500,1,0,1,0,
TXN0827,U029,Flipkart,8611.72,13431.904166666667,0.5,0.5741146666666667,2,1200,0,1,1,0,1.0
TXN0828,U027,OLA,2393.45,14860.588,0.1,0.23934499999999997,1,200,0,1,1,1,0.0
TXN0829,U032,Swiggy,15265.38,14886.018823529412,0.5,0.6106151999999999,1,400,1,0,1,0,
TXN0830,U001,Local Shop,22380.06,17057.943333333333,0.1,2.238006,3,100,1,1,1,0,
TXN0830,U001,Local Shop,22380.06,17057.943333333333,0.1,2.238006,3,500,1,1,1,0,
TXN0831,U029,Local Shop,2262.92,13431.904166666667,0.5,0.15086133333333335,3,100,0,0,1,0,
TXN0831,U029,Local Shop,2262.92,13431.904166666667,0.5,0.15086133333333335,3,500,0,0,1,0,
TXN0832,U008,DMart,16178.2,16417.863999999998,0.5,1.61782,1,1000,1,0,1,0,
TXN0833,U048,Starbucks,27692.46,14771.636538461538,0.3,1.1076983999999999,1,300,1,1,1,0,
TXN0834,U023,Starbucks,8957.54,13148.203636363636,0.3,0.895754,1,300,0,0,1,0,
TXN0835,U028,Amazon,15877.61,14916.403684210525,0.5,0.6351044,2,1500,1,1,1,0,0.0
TXN0836,U031,Big Bazaar,10941.23,11351.521818181818,0.5,1.094123,1,800,0,1,1,1,1.0
TXN0837,U009,Flipkart,10783.51,17536.138695652175,0.5,0.7189006666666666,2,1200,0,0,1,1,1.0
TXN0838,U027,Local Shop,19989.48,14860.588,0.1,1.998948,3,100,1,0,1,0,
TXN0838,U027,Local Shop,19989.48,14860.588,0.1,1.998948,3,500,1,0,1,0,
TXN0839,U021,Flipkart,3300.89,14162.242307692308,0.1,0.1320356,2,1200,0,1,1,0,1.0
TXN0840,U044,Starbucks,22125.57,14592.11625,0.5,2.212557,1,300,1,0,1,0,
TXN0841,U010,Local Shop,8441.35,14673.506470588236,0.5,0.8441350000000001,3,100,0,1,1,0,
TXN0841,U010,Local Shop,8441.35,14673.506470588236,0.5,0.8441350000000001,3,500,0,1,1,0,
TXN0842,U031,Big Bazaar,21916.4,11351.521818181818,0.5,2.19164,1,800,1,1,1,1,1.0
TXN0843,U009,Amazon,29712.06,17536.138695652175,0.5,1.980804,2,1500,1,1,1,0,0.0
TXN0844,U027,Local Shop,19002.97,14860.588,0.1,1.9002970000000001,3,100,1,0,1,0,
TXN0844,U027,Local Shop,19002.97,14860.588,0.1,1.9002970000000001,3,500,1,0,1,0,
TXN0845,U008,OLA,28290.53,16417.863999999998,0.5,2.829053,1,200,1,1,1,1,0.0
TXN0846,U043,Starbucks,14167.02,16141.43375,0.5,0.2833404,1,300,0,1,1,0,
TXN0847,U020,DMart,419.71,12877.225625000001,0.1,0.0083942,1,1000,0,1,1,0,
TXN0848,U034,Local Shop,19510.95,14981.503,0.3,1.951095,3,100,1,1,1,0,
TXN0848,U034,Local Shop,19510.95,14981.503,0.3,1.951095,3,500,1,1,1,0,
TXN0849,U038,Starbucks,21142.76,10362.369565217392,0.5,0.4228552,1,300,1,1,1,0,
TXN0850,U035,Big Bazaar,5759.28,13842.992142857142,0.3,0.287964,1,800,0,0,1,1,1.0
TXN0851,U028,Amazon,15717.65,14916.403684210525,0.5,0.628706,2,1500,1,0,1,0,0.0
TXN0852,U003,OLA,29174.5,13315.49105263158,0.5,2.91745,1,200,1,0,1,1,0.0
TXN0853,U029,Flipkart,23383.37,13431.904166666667,0.5,1.5588913333333332,2,1200,1,1,1,1,1.0
TXN0854,U045,Local Shop,21235.54,14820.934285714286,0.5,0.4247108,3,100,1,0,1,0,
TXN0854,U045,Local Shop,21235.54,14820.934285714286,0.5,0.4247108,3,500,1,0,1,0,
TXN0855,U015,Flipkart,1182.33,13445.822727272725,0.3,0.11823299999999999,2,1200,0,0,1,0,1.0
TXN0856,U014,Big Bazaar,19462.88,15053.6445,0.3,0.973144,1,800,1,1,1,1,1.0
TXN0857,U027,Flipkart,29557.99,14860.588,0.1,2.9557990000000003,2,1200,1,0,1,1,1.0
TXN0858,U017,Flipkart,22375.64,18023.216111111113,0.3,0.8950256,2,1200,1,0,1,1,1.0
TXN0859,U015,Apple,17454.1,13445.822727272725,0.3,1.74541,2,25000,1,0,1,0,
TXN0860,U010,DMart,5453.59,14673.506470588236,0.5,0.545359,1,1000,0,0,1,0,
TXN0861,U002,OLA,24526.8,13432.033,0.5,1.63512,1,200,1,0,1,1,0.0
TXN0862,U007,Local Shop,22515.82,15350.723461538462,0.1,0.4503164,3,100,1,1,1,0,
TXN0862,U007,Local Shop,22515.82,15350.723461538462,0.1,0.4503164,3,500,1,1,1,0,
TXN0863,U009,Starbucks,4287.64,17536.138695652175,0.5,0.2858426666666667,1,300,0,1,1,0,
TXN0864,U013,Amazon,16889.91,13437.175666666668,0.1,0.3377982,2,1500,1,1,1,0,0.0
TXN0865,U045,Swiggy,24749.5,14820.934285714286,0.5,0.49499,1,400,1,0,1,0,
TXN0866,U015,Starbucks,10605.76,13445.822727272725,0.3,1.060576,1,300,0,0,1,0,
TXN0867,U011,Apple,28694.43,12921.21,0.1,1.4347215,2,25000,1,0,1,0,
TXN0868,U039,Starbucks,15919.11,14423.2885,0.5,1.591911,1,300,1,1,1,0,
TXN0869,U007,DMart,11079.68,15350.723461538462,0.1,0.2215936,1,1000,0,1,1,0,
TXN0870,U021,Flipkart,21643.09,14162.242307692308,0.1,0.8657236,2,1200,1,0,1,1,1.0
TXN0871,U006,Flipkart,23028.39,14800.999615384615,0.5,2.302839,2,1200,1,1,1,1,1.0
TXN0872,U042,Flipkart,16484.68,15395.054736842107,0.5,0.824234,2,1200,1,0,1,1,1.0
TXN0873,U037,Swiggy,2626.63,16250.847727272729,0.1,0.26266300000000004,1,400,0,1,1,0,
TXN0874,U004,Amazon,25481.38,17519.001363636362,0.5,2.5481380000000002,2,1500,1,0,1,0,0.0
TXN0875,U014,Big Bazaar,4142.66,15053.6445,0.3,0.20713299999999998,1,800,0,0,1,0,1.0
TXN0876,U024,Local Shop,17452.4,15964.543,0.1,1.7452400000000001,3,100,1,1,1,0,
TXN0876,U024,Local Shop,17452.4,15964.543,0.1,1.7452400000000001,3,500,1,1,1,0,
TXN0877,U016,Amazon,24933.73,15302.5405,0.3,1.6622486666666667,2,1500,1,1,1,0,0.0
TXN0878,U027,Apple,19348.97,14860.588,0.1,1.934897,2,25000,1,1,1,0,
TXN0879,U033,Flipkart,24982.08,13999.224666666667,0.1,0.4996416,2,1200,1,0,1,1,1.0
TXN0880,U028,Big Bazaar,15649.82,14916.403684210525,0.5,0.6259928,1,800,1,1,1,1,1.0
TXN0881,U012,Local Shop,20775.87,16560.62391304348,0.1,0.4155174,3,100,1,0,1,0,
TXN0881,U012,Local Shop,20775.87,16560.62391304348,0.1,0.4155174,3,500,1,0,1,0,
TXN0882,U013,Local Shop,2343.48,13437.175666666668,0.1,0.0468696,3,100,0,0,1,0,
TXN0882,U013,Local Shop,2343.48,13437.175666666668,0.1,0.0468696,3,500,0,0,1,0,
TXN0883,U014,Amazon,27291.51,15053.6445,0.3,1.3645755,2,1500,1,1,1,0,0.0
TXN0884,U031,Local Shop,2805.4,11351.521818181818,0.5,0.28054,3,100,0,0,1,0,
TXN0884,U031,Local Shop,2805.4,11351.521818181818,0.5,0.28054,3,500,0,0,1,0,
TXN0885,U047,Local Shop,20243.85,17238.375625,0.3,2.0243849999999997,3,100,1,1,1,0,
TXN0885,U047,Local Shop,20243.85,17238.375625,0.3,2.0243849999999997,3,500,1,1,1,0,
TXN0886,U038,Starbucks,26065.68,10362.369565217392,0.5,0.5213136,1,300,1,0,1,0,
TXN0887,U014,Big Bazaar,21559.45,15053.6445,0.3,1.0779725,1,800,1,0,1,1,1.0
TXN0888,U009,Apple,18707.89,17536.138695652175,0.5,1.2471926666666666,2,25000,1,1,1,0,
TXN0889,U039,Local Shop,18837.41,14423.2885,0.5,1.8837409999999999,3,100,1,0,1,0,
TXN0889,U039,Local Shop,18837.41,14423.2885,0.5,1.8837409999999999,3,500,1,0,1,0,
TXN0890,U007,Apple,28022.34,15350.723461538462,0.1,0.5604468,2,25000,1,1,1,0,
TXN0891,U017,Apple,26300.97,18023.216111111113,0.3,1.0520388,2,25000,1,0,1,0,
TXN0892,U026,OLA,11008.3,14026.104761904762,0.1,0.7338866666666666,1,200,0,1,1,1,0.0
TXN0893,U044,OLA,23719.81,14592.11625,0.5,2.3719810000000003,1,200,1,0,1,1,0.0
TXN0894,U026,Local Shop,26226.02,14026.104761904762,0.1,1.7484013333333333,3,100,1,1,1,0,
TXN0894,U026,Local Shop,26226.02,14026.104761904762,0.1,1.7484013333333333,3,500,1,1,1,0,
TXN0895,U006,Amazon,23048.82,14800.999615384615,0.5,2.304882,2,1500,1,1,1,0,0.0
TXN0896,U045,Big Bazaar,13642.81,14820.934285714286,0.5,0.2728562,1,800,0,1,1,1,1.0
TXN0897,U050,Local Shop,10851.17,14787.260769230768,0.3,1.085117,3,100,0,1,1,0,
TXN0897,U050,Local Shop,10851.17,14787.260769230768,0.3,1.085117,3,500,0,1,1,0,
TXN0898,U017,OLA,4260.72,18023.216111111113,0.3,0.17042880000000002,1,200,0,1,1,1,0.0
TXN0899,U012,OLA,10267.15,16560.62391304348,0.1,0.205343,1,200,0,0,1,1,0.0
TXN0900,U023,Local Shop,307.85,13148.203636363636,0.3,0.030785000000000003,3,100,0,1,1,0,
TXN0900,U023,Local Shop,307.85,13148.203636363636,0.3,0.030785000000000003,3,500,0,1,1,0,
TXN0901,U043,DMart,26896.07,16141.43375,0.5,0.5379214,1,1000,1,1,1,0,
TXN0902,U034,OLA,25719.44,14981.503,0.3,2.571944,1,200,1,1,1,1,0.0
TXN0903,U027,Big Bazaar,11332.92,14860.588,0.1,1.133292,1,800,0,1,1,1,1.0
TXN0904,U002,DMart,24573.36,13432.033,0.5,1.6382240000000001,1,1000,1,1,1,0,
TXN0905,U028,Swiggy,27791.2,14916.403684210525,0.5,1.111648,1,400,1,0,0,0,
TXN0906,U019,Local Shop,8504.62,14745.427727272727,0.1,0.850462,3,100,0,0,1,0,
TXN0906,U019,Local Shop,8504.62,14745.427727272727,0.1,0.850462,3,500,0,0,1,0,
TXN0907,U042,Amazon,14897.18,15395.054736842107,0.5,0.744859,2,1500,0,1,1,0,0.0
TXN0908,U027,OLA,13644.35,14860.588,0.1,1.364435,1,200,0,0,1,1,0.0
TXN0909,U042,Local Shop,28189.11,15395.054736842107,0.5,1.4094555,3,100,1,1,1,0,
TXN0909,U042,Local Shop,28189.11,15395.054736842107,0.5,1.4094555,3,500,1,1,1,0,
TXN0910,U001,Big Bazaar,797.14,17057.943333333333,0.1,0.079714,1,800,0,1,1,0,1.0
TXN0911,U037,Flipkart,29204.97,16250.847727272729,0.1,2.920497,2,1200,1,0,1,1,1.0
TXN0912,U026,Flipkart,6936.78,14026.104761904762,0.1,0.462452,2,1200,0,1,1,0,1.0
TXN0913,U036,OLA,2806.7,12933.505263157895,0.1,0.11226799999999999,1,200,0,0,1,1,0.0
TXN0914,U006,Swiggy,22272.77,14800.999615384615,0.5,2.227277,1,400,1,1,1,0,
TXN0915,U013,OLA,23403.07,13437.175666666668,0.1,0.4680614,1,200,1,0,1,1,0.0
TXN0916,U041,Starbucks,13779.24,16698.2895,0.5,0.5511696,1,300,0,1,1,0,
TXN0917,U032,Amazon,3029.14,14886.018823529412,0.5,0.1211656,2,1500,0,0,1,0,0.0
TXN0918,U021,Local Shop,4841.5,14162.242307692308,0.1,0.19366,3,100,0,1,1,0,
TXN0918,U021,Local Shop,4841.5,14162.242307692308,0.1,0.19366,3,500,0,1,1,0,
TXN0919,U022,Amazon,18003.79,12852.751538461538,0.3,1.2002526666666666,2,1500,1,1,1,0,0.0
TXN0920,U002,Swiggy,26007.56,13432.033,0.5,1.7338373333333335,1,400,1,0,1,0,
TXN0921,U018,OLA,10463.12,19520.155555555553,0.1,0.5231560000000001,1,200,0,0,1,1,0.0
TXN0922,U017,Big Bazaar,25382.61,18023.216111111113,0.3,1.0153044,1,800,1,0,1,1,1.0
TXN0923,U014,Flipkart,12717.88,15053.6445,0.3,0.635894,2,1200,0,1,1,1,1.0
TXN0924,U037,Big Bazaar,24582.06,16250.847727272729,0.1,2.458206,1,800,1,1,1,1,1.0
TXN0925,U042,Local Shop,907.9,15395.054736842107,0.5,0.045395,3,100,0,1,1,0,
TXN0925,U042,Local Shop,907.9,15395.054736842107,0.5,0.045395,3,500,0,1,1,0,
TXN0926,U024,DMart,298.89,15964.543,0.1,0.029889,1,1000,0,1,1,0,
TXN0927,U036,Big Bazaar,18058.04,12933.505263157895,0.1,0.7223216,1,800,1,1,1,1,1.0
TXN0928,U042,Local Shop,24403.7,15395.054736842107,0.5,1.220185,3,100,1,1,1,0,
TXN0928,U042,Local Shop,24403.7,15395.054736842107,0.5,1.220185,3,500,1,1,1,0,
TXN0929,U027,OLA,5142.48,14860.588,0.1,0.5142479999999999,1,200,0,0,1,1,0.0
TXN0930,U019,Apple,26875.93,14745.427727272727,0.1,2.687593,2,25000,1,0,1,0,
TXN0931,U047,Local Shop,22613.23,17238.375625,0.3,2.261323,3,100,1,0,1,0,
TXN0931,U047,Local Shop,22613.23,17238.375625,0.3,2.261323,3,500,1,0,1,0,
TXN0932,U045,OLA,19236.5,14820.934285714286,0.5,0.38473,1,200,1,1,1,1,0.0
TXN0933,U001,Starbucks,25843.05,17057.943333333333,0.1,2.584305,1,300,1,0,1,0,
TXN0934,U001,Swiggy,26500.75,17057.943333333333,0.1,2.650075,1,400,1,0,0,0,
TXN0935,U045,OLA,13826.21,14820.934285714286,0.5,0.2765242,1,200,0,0,1,1,0.0
TXN0936,U034,Swiggy,14708.21,14981.503,0.3,1.470821,1,400,0,1,1,0,
TXN0937,U023,Amazon,19417.56,13148.203636363636,0.3,1.941756,2,1500,1,1,1,0,0.0
TXN0938,U030,Big Bazaar,3145.0,12418.7265,0.5,0.3145,1,800,0,0,1,0,1.0
TXN0939,U042,Apple,6571.36,15395.054736842107,0.5,0.32856799999999997,2,25000,0,1,1,0,
TXN0940,U005,Big Bazaar,20591.12,16665.08529411765,0.5,0.4118224,1,800,1,1,1,1,1.0
TXN0941,U016,Amazon,8010.03,15302.5405,0.3,0.534002,2,1500,0,0,1,0,0.0
TXN0942,U028,DMart,15070.69,14916.403684210525,0.5,0.6028276,1,1000,1,1,1,0,
TXN0943,U013,Local Shop,5307.59,13437.175666666668,0.1,0.1061518,3,100,0,1,1,0,
TXN0943,U013,Local Shop,5307.59,13437.175666666668,0.1,0.1061518,3,500,0,1,1,0,
TXN0944,U008,Big Bazaar,26852.8,16417.863999999998,0.5,2.68528,1,800,1,1,1,1,1.0
TXN0945,U026,Local Shop,24723.82,14026.104761904762,0.1,1.6482546666666666,3,100,1,1,1,0,
TXN0945,U026,Local Shop,24723.82,14026.104761904762,0.1,1.6482546666666666,3,500,1,1,1,0,
TXN0946,U019,Local Shop,15102.17,14745.427727272727,0.1,1.510217,3,100,1,1,1,0,
TXN0946,U019,Local Shop,15102.17,14745.427727272727,0.1,1.510217,3,500,1,1,1,0,
TXN0947,U011,Amazon,4263.59,12921.21,0.1,0.2131795,2,1500,0,0,1,0,0.0
TXN0948,U011,Amazon,10570.79,12921.21,0.1,0.5285395,2,1500,0,1,1,0,0.0
TXN0949,U044,Local Shop,15099.36,14592.11625,0.5,1.5099360000000002,3,100,1,1,1,0,
TXN0949,U044,Local Shop,15099.36,14592.11625,0.5,1.5099360000000002,3,500,1,1,1,0,
TXN0950,U032,Apple,14599.93,14886.018823529412,0.5,0.5839972,2,25000,0,1,1,0,
TXN0951,U018,Amazon,29359.34,19520.155555555553,0.1,1.467967,2,1500,1,0,1,0,0.0
TXN0952,U048,Local Shop,6197.16,14771.636538461538,0.3,0.2478864,3,100,0,0,1,0,
TXN0952,U048,Local Shop,6197.16,14771.636538461538,0.3,0.2478864,3,500,0,0,1,0,
TXN0953,U029,Swiggy,27310.72,13431.904166666667,0.5,1.8207146666666667,1,400,1,0,1,0,
TXN0954,U013,OLA,18374.9,13437.175666666668,0.1,0.36749800000000005,1,200,1,1,1,1,0.0
TXN0955,U044,Apple,4515.33,14592.11625,0.5,0.451533,2,25000,0,0,1,0,
TXN0956,U019,Amazon,6527.59,14745.427727272727,0.1,0.652759,2,1500,0,1,1,0,0.0
TXN0957,U043,DMart,4140.19,16141.43375,0.5,0.0828038,1,1000,0,0,1,0,
TXN0958,U046,Amazon,5909.86,17408.087916666667,0.5,0.11819719999999999,2,1500,0,1,1,0,0.0
TXN0959,U044,Big Bazaar,11979.42,14592.11625,0.5,1.197942,1,800,0,1,1,1,1.0
TXN0960,U038,DMart,4079.37,10362.369565217392,0.5,0.0815874,1,1000,0,0,1,0,
TXN0961,U012,Swiggy,4166.91,16560.62391304348,0.1,0.0833382,1,400,0,1,1,0,
TXN0962,U030,Local Shop,839.91,12418.7265,0.5,0.083991,3,100,0,1,1,0,
TXN0962,U030,Local Shop,839.91,12418.7265,0.5,0.083991,3,500,0,1,1,0,
TXN0963,U038,Big Bazaar,18630.48,10362.369565217392,0.5,0.3726096,1,800,1,0,1,1,1.0
TXN0964,U049,Apple,1639.84,10371.976666666667,0.3,0.0655936,2,25000,0,0,1,0,
TXN0965,U037,OLA,1835.33,16250.847727272729,0.1,0.183533,1,200,0,0,1,1,0.0
TXN0966,U010,Swiggy,6714.07,14673.506470588236,0.5,0.671407,1,400,0,0,1,0,
TXN0967,U040,Apple,2023.59,13706.595714285713,0.5,0.134906,2,25000,0,1,1,0,
TXN0968,U002,Apple,1679.04,13432.033,0.5,0.111936,2,25000,0,0,1,0,
TXN0969,U044,Local Shop,4395.93,14592.11625,0.5,0.439593,3,100,0,1,1,0,
TXN0969,U044,Local Shop,4395.93,14592.11625,0.5,0.439593,3,500,0,1,1,0,
TXN0970,U031,Apple,3009.59,11351.521818181818,0.5,0.30095900000000003,2,25000,0,0,1,0,
TXN0971,U027,Apple,8509.83,14860.588,0.1,0.850983,2,25000,0,1,1,0,
TXN0972,U029,Local Shop,14042.53,13431.904166666667,0.5,0.9361686666666668,3,100,0,0,1,0,
TXN0972,U029,Local Shop,14042.53,13431.904166666667,0.5,0.9361686666666668,3,500,0,0,1,0,
TXN0973,U046,DMart,1892.35,17408.087916666667,0.5,0.037847,1,1000,0,1,1,0,
TXN0974,U049,OLA,2055.62,10371.976666666667,0.3,0.0822248,1,200,0,1,1,1,0.0
TXN0975,U045,Flipkart,18528.08,14820.934285714286,0.5,0.37056160000000005,2,1200,1,1,1,1,1.0
TXN0976,U044,Apple,6953.72,14592.11625,0.5,0.695372,2,25000,0,0,1,0,
TXN0977,U049,Local Shop,18360.99,10371.976666666667,0.3,0.7344396000000001,3,100,1,1,1,0,
TXN0977,U049,Local Shop,18360.99,10371.976666666667,0.3,0.7344396000000001,3,500,1,1,1,0,
TXN0978,U021,Flipkart,4005.17,14162.242307692308,0.1,0.1602068,2,1200,0,1,1,0,1.0
TXN0979,U013,Big Bazaar,15860.6,13437.175666666668,0.1,0.317212,1,800,1,1,1,1,1.0
TXN0980,U003,Big Bazaar,23233.83,13315.49105263158,0.5,2.323383,1,800,1,1,1,1,1.0
TXN0981,U014,Big Bazaar,10569.66,15053.6445,0.3,0.528483,1,800,0,1,1,1,1.0
TXN0982,U037,Amazon,15522.23,16250.847727272729,0.1,1.552223,2,1500,1,0,1,0,0.0
TXN0983,U019,Big Bazaar,10743.58,14745.427727272727,0.1,1.074358,1,800,0,0,1,1,1.0
TXN0984,U040,Swiggy,18563.16,13706.595714285713,0.5,1.237544,1,400,1,0,1,0,
TXN0985,U003,Starbucks,6023.33,13315.49105263158,0.5,0.602333,1,300,0,0,1,0,
TXN0986,U016,Starbucks,28440.45,15302.5405,0.3,1.89603,1,300,1,0,0,0,
TXN0987,U048,Local Shop,14368.36,14771.636538461538,0.3,0.5747344,3,100,0,1,1,0,
TXN0987,U048,Local Shop,14368.36,14771.636538461538,0.3,0.5747344,3,500,0,1,1,0,
TXN0988,U028,DMart,25496.51,14916.403684210525,0.5,1.0198604,1,1000,1,1,1,0,
TXN0989,U039,Swiggy,14470.38,14423.2885,0.5,1.4470379999999998,1,400,0,0,1,0,
TXN0990,U029,Amazon,5817.43,13431.904166666667,0.5,0.3878286666666667,2,1500,0,1,1,0,0.0
TXN0991,U048,Local Shop,456.81,14771.636538461538,0.3,0.0182724,3,100,0,1,1,0,
TXN0991,U048,Local Shop,456.81,14771.636538461538,0.3,0.0182724,3,500,0,1,1,0,
TXN0992,U003,OLA,19659.72,13315.49105263158,0.5,1.965972,1,200,1,1,1,1,0.0
TXN0993,U005,Amazon,21160.6,16665.08529411765,0.5,0.423212,2,1500,1,0,1,0,0.0
TXN0994,U019,Swiggy,26790.42,14745.427727272727,0.1,2.679042,1,400,1,0,0,0,
TXN0995,U032,Local Shop,27362.36,14886.018823529412,0.5,1.0944944,3,100,1,0,1,0,
TXN0995,U032,Local Shop,27362.36,14886.018823529412,0.5,1.0944944,3,500,1,0,1,0,
TXN0996,U047,DMart,20953.27,17238.375625,0.3,2.095327,1,1000,1,1,1,0,
TXN0997,U018,OLA,24817.09,19520.155555555553,0.1,1.2408545,1,200,1,0,1,1,0.0
TXN0998,U029,Local Shop,11386.02,13431.904166666667,0.5,0.7590680000000001,3,100,0,0,1,0,
TXN0998,U029,Local Shop,11386.02,13431.904166666667,0.5,0.7590680000000001,3,500,0,0,1,0,
TXN0999,U002,DMart,27224.41,13432.033,0.5,1.8149606666666667,1,1000,1,1,1,0,
TXN1000,U047,Local Shop,11649.44,17238.375625,0.3,1.164944,3,100,0,0,1,0,
TXN1000,U047,Local Shop,11649.44,17238.375625,0.3,1.164944,3,500,0,0,1,0,
